case_id,block,gamma,uncertainty,fund_bp,etf_bp,start,forecast,gain_bp,states,status,objective_error,seconds,warning_count,myopic_cash,myopic_J,myopic_funds_pct,myopic_etfs_pct,myopic_cash_pct,myopic_cost0_bp,myopic_expected_cost1_bp,myopic_mean0_bp,myopic_sd0_pct,myopic_max_weight,myopic_positions_above_1pct,myopic_future_min_cash,myopic_future_cash_price_probability,dynamic_cash,dynamic_J,dynamic_funds_pct,dynamic_etfs_pct,dynamic_cash_pct,dynamic_cost0_bp,dynamic_expected_cost1_bp,dynamic_mean0_bp,dynamic_sd0_pct,dynamic_max_weight,dynamic_positions_above_1pct,dynamic_future_min_cash,dynamic_future_cash_price_probability
0,core,2.5,0.5,5.0,2.0,cash,steady,0.18967543788259156,432,optimal,3.04940100948059e-13,3.251482042018324,0,9.479537380757685e-14,0.011158310267983248,62.091626815172106,37.86975342072669,9.479537380757685e-12,3.8619764091731392,0.03455228787667784,89.08651878663943,5.017752176160478,0.34583367623876277,7,-9.941062140068379e-13,0.9999999999999989,-4.3296529556036134e-14,0.011177277811771507,72.38444238532877,27.573850623358226,-4.3296529556036134e-12,4.170699131733603,0.031399628552600325,88.96878903400687,4.98830832367892,0.29975804920698307,6,7.001144794655835e-12,0.9999999999999989
1,core,2.5,0.5,5.0,2.0,cash,manager_rotation,0.2801435041767213,432,optimal,1.0963105423478225e-13,3.267722791992128,0,9.479537380757685e-14,0.011100112009111028,62.091626815172106,37.86975342072669,9.479537380757685e-12,3.8619764091731392,0.038617526711958526,89.08651878663943,5.017752176160478,0.34583367623876277,7,6.613384002151122e-13,0.9999999999999989,5.3157862226621555e-12,0.0111281263595287,70.84832596242607,29.110427788503447,5.315786222662156e-10,4.124624853891373,0.025476208406156185,88.7942467231639,4.982190874474694,0.29110427785863285,6,7.800250252838498e-12,0.9999999999999989
2,core,2.5,0.5,5.0,2.0,cash,premium_rotation,0.3164241506195889,432,optimal,2.199802839886189e-14,3.288007417228073,0,9.479537380757685e-14,0.010542811178028494,62.091626815172106,37.86975342072669,9.479537380757685e-12,3.8619764091731392,0.6291323662893804,89.08651878663943,5.017752176160478,0.34583367623876277,7,-1.5206068622688508e-12,0.9999999999999989,1.1017491172854443e-12,0.010574453593090453,75.45126023229689,24.506112914893805,1.1017491172854443e-10,4.262685269912721,0.38997770213576394,86.91440716804522,4.8229727513030625,0.303767545458994,6,1.7297702093903174e-12,0.9999999999999989
3,core,2.5,0.5,5.0,2.0,cash,premium_reverse,0.2197683717031218,432,optimal,1.0530118443874414e-13,3.26896887505427,0,9.479537380757685e-14,0.011892251538001008,62.091626815172106,37.86975342072669,9.479537380757685e-12,3.8619764091731392,0.3470139469836881,89.08651878663943,5.017752176160478,0.34583367623876277,7,2.364045894721483e-12,0.9999999999999989,3.2123609328138514e-14,0.01191422837517132,65.17972330141855,34.78073069078937,3.2123609328138514e-12,3.954600778886715,0.1565503418798038,91.57430342028002,5.215425201754146,0.31480807699616015,7,2.998299660850537e-12,0.9999999999999989
4,core,2.5,0.5,5.0,2.0,etfs,steady,0.7582483985199389,432,optimal,1.1674688993323912e-14,3.17385229235515,0,1.3906237272820476e-13,0.011035855464795949,21.344569559798455,78.64048625259628,1.3906237272820476e-11,1.4944187591361264,0.05094179864753537,84.7819137778868,4.814566072122236,0.33333333488286554,6,1.3929047476769167e-13,0.9999999999999989,6.255103856753208e-14,0.011111680304647943,56.966176644798225,42.993939054684056,6.255103856753208e-12,3.9884300511462305,0.03596803065612531,88.47961893339422,4.9830402362265955,0.3333333333321673,7,4.20058309154054e-13,0.9999999999999989
5,core,2.5,0.5,5.0,2.0,etfs,manager_rotation,0.641448842039153,432,optimal,1.2012266181748998e-13,3.1874382090754807,0,1.3906237272820476e-13,0.011006282307314872,21.344569559798455,78.64048625259628,1.3906237272820476e-11,1.4944187591361264,0.12941007333406435,84.7819137778868,4.814566072122236,0.33333333488286554,6,1.8600831832649763e-13,0.9999999999999989,7.804933457346286e-13,0.011070427191518788,54.41554349936628,45.54635800040606,7.804933457346286e-11,3.809850014960193,0.03232141412097593,88.10747793085835,4.966348975112136,0.3333333333297165,7,4.094444252503333e-12,0.9999999999999989
6,core,2.5,0.5,5.0,2.0,etfs,premium_rotation,0.7219560519329711,432,optimal,2.734965032225034e-14,3.181081833317876,0,1.3906237272820476e-13,0.010427680114257114,21.344569559798455,78.64048625259628,1.3906237272820476e-11,1.4944187591361264,0.5918433982296645,84.7819137778868,4.814566072122236,0.33333333488286554,6,1.032856797051479e-13,0.9999999999999989,6.468394125446614e-12,0.010499875719450411,57.134635520474,42.82536223356564,6.468394125446614e-10,4.000224531352387,0.5150508637429595,87.20162949509088,4.88124944494122,0.3333333333332614,7,7.149464832140799e-12,0.9999999999999989
7,core,2.5,0.5,5.0,2.0,etfs,premium_reverse,0.6924587711091938,432,optimal,1.6900196520008848e-13,3.193317041732371,0,1.3906237272820476e-13,0.01180591711331508,21.344569559798455,78.64048625259628,1.3906237272820476e-11,1.4944187591361264,0.4289962427952982,84.7819137778868,4.814566072122236,0.33333333488286554,6,3.6788174367701973e-13,0.9999999999999989,1.8982642606239775e-12,0.011875162990426,50.34534902254535,49.61940218318985,1.8982642606239775e-10,3.524879407497356,0.28144543419348506,89.51577193750674,5.088531506576611,0.3333333333406846,8,7.096613254724618e-12,0.9999999999999989
8,core,2.5,0.5,5.0,2.0,funds,steady,0.16415033985674177,432,optimal,1.3901033102392546e-13,3.268563208170235,0,1.0182703069410923e-12,0.011375011240621992,85.746908064677,14.243116765891989,1.0182703069410923e-10,0.9975169329191902,0.05883563731174767,86.02116589159486,4.797212947752286,0.166666666723363,7,1.0722584641340667e-12,0.9999999999999989,3.0840388565416682e-12,0.011391426274607666,82.48581575505094,17.49945257023989,3.084038856541668e-10,1.473167440075881,0.0360297699292463,86.88307321328219,4.841704873788104,0.191413584308882,6,6.371311288343e-12,0.9999999999999989
9,core,2.5,0.5,5.0,2.0,funds,manager_rotation,0.06956881685348665,432,optimal,2.264126386375409e-13,3.269649709109217,0,1.0182703069410923e-12,0.011367195601652412,85.746908064677,14.243116765891989,1.0182703069410923e-10,0.9975169329191902,0.04336085577684021,86.02116589159486,4.797212947752286,0.166666666723363,7,-9.500692387757331e-12,0.9999999999999989,1.7414734476521587e-12,0.01137415248333776,83.31266616867003,16.67416585222036,1.7414734476521587e-10,1.3167978935447582,0.03149319446880528,87.26216789118823,4.880116631622616,0.18156145516000546,6,7.56104999845384e-12,0.9999999999999989
10,core,2.5,0.5,5.0,2.0,funds,premium_rotation,0.12216160422845804,432,optimal,3.1851257742410155e-14,3.2275673751719296,0,1.0182703069410923e-12,0.010804485087538302,85.746908064677,14.243116765891989,1.0182703069410923e-10,0.9975169329191902,0.5650662275262722,86.02116589159486,4.797212947752286,0.166666666723363,7,-1.3871113188190093e-13,0.9999999999999989,3.360236812107245e-12,0.010816701247961148,86.55378846053362,13.432877587541173,3.360236812107245e-10,1.3333951589177397,0.22436620103776247,84.21920184938834,4.635574219355303,0.20590936968599105,7,4.320133978969029e-12,0.9999999999999989
11,core,2.5,0.5,5.0,2.0,funds,premium_reverse,0.2167168943354933,432,optimal,7.031354665176792e-14,3.243100583087653,0,1.0182703069410923e-12,0.012072817174880745,85.746908064677,14.243116765891989,1.0182703069410923e-10,0.9975169329191902,0.6920183307399062,86.02116589159486,4.797212947752286,0.166666666723363,7,2.068217775860748e-12,0.9999999999999989,2.5840528176425404e-12,0.012094488864314294,80.02554278893619,19.95865172341341,2.5840528176425404e-10,1.5805487391998085,0.4621369849900507,88.58138724468138,4.9782441487753415,0.19958651723391904,6,4.684728557228894e-12,0.9999999999999989
12,core,2.5,0.5,5.0,2.0,mixed,steady,0.32416820022081877,432,optimal,2.237272866967288e-14,3.296516832895577,0,1.8739348993986743e-13,0.011321182247823157,44.50733321942478,55.48784777404134,1.8739348993986743e-11,0.4819006515141383,0.047194688376281824,85.96075369299349,4.835998420005901,0.3165727365030076,9,-1.8024757294588314e-12,0.9999999999999989,-6.142818458759747e-15,0.011353599067845239,63.69318307737907,36.29047721850874,-6.142818458759747e-13,1.6339704112798055,0.032548063017678985,88.0174013952352,4.943320344355112,0.26878020044524187,8,6.573186005914833e-13,0.9999999999999989
13,core,2.5,0.5,5.0,2.0,mixed,manager_rotation,0.20953938425657265,432,optimal,2.6161364741206228e-14,3.278770999982953,0,1.8739348993986743e-13,0.01129210998551582,44.50733321942478,55.48784777404134,1.8739348993986743e-11,0.4819006515141383,0.07190136985839923,85.96075369299349,4.835998420005901,0.3165727365030076,9,-4.058358890509902e-14,0.9999999999999989,4.8951457037177404e-14,0.011313063923941477,59.777935345376065,40.20787062157329,4.89514570371774e-12,1.4194033045745562,0.0315845468970796,87.69031594067806,4.931815655474978,0.2836659874343047,8,6.78249475897022e-13,0.9999999999999989
14,core,2.5,0.5,5.0,2.0,mixed,premium_rotation,0.37139261053698025,432,optimal,1.144900146909933e-13,3.2957618748769164,0,1.8739348993986743e-13,0.01071388167866891,44.50733321942478,55.48784777404134,1.8739348993986743e-11,0.4819006515141383,0.5854239661849665,85.96075369299349,4.835998420005901,0.3165727365030076,9,-1.2742070446729661e-12,0.9999999999999989,1.0976083323482877e-14,0.010751020939722609,65.67349587796446,34.30952927995124,1.0976083323482877e-12,1.6974842083204835,0.4068219963206461,86.09659326592107,4.787892910072752,0.2516768164492059,8,3.515826987083465e-12,0.9999999999999989
15,core,2.5,0.5,5.0,2.0,mixed,premium_reverse,0.31003998125209153,432,optimal,8.886988367429183e-15,3.2871886249631643,0,1.8739348993986743e-13,0.012069980913964804,44.50733321942478,55.48784777404134,1.8739348993986743e-11,0.4819006515141383,0.39775850717153893,85.96075369299349,4.835998420005901,0.3165727365030076,9,5.1859944561350596e-14,0.9999999999999989,2.8716991892080435e-15,0.012100984912090013,60.21019725078606,39.77516262118466,2.8716991892080435e-13,1.4640128028985222,0.32303494851959114,89.25043762010914,5.050799380519431,0.287251548195728,8,2.9164691495164874e-13,0.9999999999999989
16,core,2.5,1.0,5.0,2.0,cash,steady,0.1932815956415257,432,optimal,1.8691645453650096e-14,3.1823219172656536,0,8.664396240407046e-14,0.01115885581675538,61.943029534832306,38.018395271337354,8.664396240407046e-12,3.857519382168362,0.050118461518588064,89.07666628328249,5.0175374908667285,0.3461677845126528,7,-1.001998907164497e-12,0.9999999999999989,4.007237250358564e-13,0.011178183976319533,72.4137236109536,27.54456061507784,4.007237250358564e-11,4.171577392849237,0.03195876001568025,88.97215691542385,4.988837833427441,0.2994403178173969,6,8.011938416310413e-13,0.9999999999999989
17,core,2.5,1.0,5.0,2.0,cash,manager_rotation,0.27816288081027735,432,optimal,3.344199916988089e-14,3.189054457936436,0,8.664396240407046e-14,0.011101369275583996,61.943029534832306,38.018395271337354,8.664396240407046e-12,3.857519382168362,0.06683947796932427,89.07666628328249,5.0175374908667285,0.3461677845126528,7,2.448034721984349e-13,0.9999999999999989,4.7044225069334256e-12,0.011129185563665024,70.86711612404923,29.09163199102008,4.704422506933426e-10,4.125188446022864,0.02755949844598027,88.80480323106244,4.983338101081081,0.2909163199009971,6,4.63143018809278e-12,0.9999999999999989
18,core,2.5,1.0,5.0,2.0,cash,premium_rotation,0.31772350252100984,432,optimal,1.9222470837299e-14,3.2339463331736624,0,8.664396240407046e-14,0.010544632743483953,61.943029534832306,38.018395271337354,8.664396240407046e-12,3.857519382168362,0.6355142626903432,89.07666628328249,5.0175374908667285,0.3461677845126528,7,-1.5997618946781214e-12,0.9999999999999989,1.5062402280302534e-12,0.010576405093736054,75.41165247759997,24.54573254950069,1.5062402280302534e-10,4.261497274870012,0.3939870283099701,86.92638306125562,4.824195059496476,0.30341858910275554,6,2.0442617645160207e-12,0.9999999999999989
19,core,2.5,1.0,5.0,2.0,cash,premium_reverse,0.2155401910199431,432,optimal,1.6368330302274359e-13,3.2182695418596268,0,8.664396240407046e-14,0.011893812367990635,61.943029534832306,38.018395271337354,8.664396240407046e-12,3.857519382168362,0.3621088908566496,89.07666628328249,5.0175374908667285,0.3461677845126528,7,2.147757438940195e-12,0.9999999999999989,3.255002604257706e-14,0.011915366387092629,65.16964749453223,34.7908095198133,3.2550026042577063e-12,3.9542985651228775,0.16595509410623038,91.56874660184914,5.215160193162689,0.31537646716517315,7,4.717406234524754e-12,0.9999999999999989
20,core,2.5,1.0,5.0,2.0,etfs,steady,0.7481219009311881,432,optimal,3.256232089521305e-13,3.188296416774392,0,2.012754654785731e-13,0.011038024929115056,21.33987062399858,78.64518847826551,2.012754654785731e-11,1.4940897715774135,0.1345733738404129,84.77828021293665,4.8143453711095345,0.333333335819032,6,2.891841202176878e-13,0.9999999999999989,2.706732028182751e-12,0.011112837119208175,56.80336275691462,43.156866934823206,2.706732028182751e-10,3.9770307991492673,0.06421499148939253,88.47911777168493,4.98363382291045,0.33333333330282366,7,1.2459959692972481e-11,0.9999999999999989
21,core,2.5,1.0,5.0,2.0,etfs,manager_rotation,0.6226681570937858,432,optimal,1.1844691893969639e-14,3.1934906248934567,0,2.012754654785731e-13,0.011009916556255163,21.33987062399858,78.64518847826551,2.012754654785731e-11,1.4940897715774135,0.20050532280760666,84.77828021293665,4.8143453711095345,0.333333335819032,6,2.79515880181728e-13,0.9999999999999989,4.95387693540128e-13,0.011072183371964542,54.13810368294051,45.8239920635812,4.95387693540128e-11,3.7904253428754857,0.07314289106882634,88.10226073305141,4.966670972998561,0.3333333333330498,7,7.513881620309533e-13,0.9999999999999989
22,core,2.5,1.0,5.0,2.0,etfs,premium_rotation,0.7157583789940171,432,optimal,1.335251353928868e-13,3.179527667351067,0,2.012754654785731e-13,0.010430426339362395,21.33987062399858,78.64518847826551,2.012754654785731e-11,1.4940897715774135,0.6465296733541234,84.77828021293665,4.8143453711095345,0.333333335819032,6,-9.112716820285777e-13,0.9999999999999989,1.4007648502494668e-11,0.010502002177261797,57.09183230008228,42.86819542145121,1.4007648502494668e-09,3.997227706575089,0.5326180881356398,87.1978036325646,4.881178127095463,0.3333333333329498,7,1.7968123027500013e-11,0.9999999999999989
23,core,2.5,1.0,5.0,2.0,etfs,premium_reverse,0.6802730782232147,432,optimal,2.178118796436479e-14,3.2158284159377217,0,2.012754654785731e-13,0.011808725643523223,21.33987062399858,78.64518847826551,2.012754654785731e-11,1.4940897715774135,0.5178870910076504,84.77828021293665,4.8143453711095345,0.333333335819032,6,4.973086016341749e-13,0.9999999999999989,1.0653989626283056e-12,0.011876752951345545,50.162964772880514,49.80191412745189,1.0653989626283056e-10,3.512109956105002,0.31882394588310436,89.47685197556245,5.086122216519939,0.33333333333490806,8,1.7135559735471234e-12,0.9999999999999989
24,core,2.5,1.0,5.0,2.0,funds,steady,0.16164355151272042,432,optimal,5.551462067820978e-14,3.178334167227149,0,1.0319729283354145e-12,0.011376512272552639,85.74631084925693,14.243713563343508,1.0319729283354145e-10,0.997558729637172,0.07227077931411921,86.02165212854962,4.797739566307416,0.16666666672321626,7,4.404874444932866e-13,0.9999999999999989,3.8885198229768325e-12,0.01139267662770391,82.51119791121614,17.47408702269651,3.8885198229768325e-10,1.4715065698484562,0.038008520314821374,86.88138903409552,4.842067525929915,0.19142513916213988,6,4.797651506757358e-12,0.9999999999999989
25,core,2.5,1.0,5.0,2.0,funds,manager_rotation,0.0687249663280931,432,optimal,2.4798045561436055e-13,3.159274167381227,0,1.0319729283354145e-12,0.011368550419584948,85.74631084925693,14.243713563343508,1.0319729283354145e-10,0.997558729637172,0.046798163141802455,86.02165212854962,4.797739566307416,0.16666666672321626,7,-1.0745618120083702e-11,0.9999999999999989,3.261965323504354e-12,0.011375422916217758,83.32207078775532,16.664768429876567,3.261965323504354e-10,1.3160782041901848,0.03168207053643776,87.26242765713643,4.880631837849133,0.1815553041646834,6,9.4916420304513e-12,0.9999999999999989
26,core,2.5,1.0,5.0,2.0,funds,premium_rotation,0.11575061941012862,432,optimal,2.108781899101686e-13,3.1464857500977814,0,1.0319729283354145e-12,0.010807352584815879,85.74631084925693,14.243713563343508,1.0319729283354145e-10,0.997558729637172,0.5679560310115149,86.02165212854962,4.797739566307416,0.16666666672321626,7,-6.190190910857971e-13,0.9999999999999989,7.687691791751633e-12,0.010818927646756892,86.46371070394889,13.522997740899633,7.687691791751633e-10,1.3291554382707937,0.24761411405254974,84.30695856313051,4.643062803689469,0.20485476853144266,7,1.4329618748552951e-11,0.9999999999999989
27,core,2.5,1.0,5.0,2.0,funds,premium_reverse,0.2136720468349368,432,optimal,3.4154797046159757e-13,3.1427697078324854,0,1.0319729283354145e-12,0.012074833794639642,85.74631084925693,14.243713563343508,1.0319729283354145e-10,0.997558729637172,0.7035137194795296,86.02165212854962,4.797739566307416,0.16666666672321626,7,1.5609860545004808e-12,0.9999999999999989,3.851543541565083e-12,0.012096200999323136,80.07809027938217,19.9060629113046,3.8515435415650834e-10,1.5846808928074512,0.4686019523362394,88.58673409728459,4.978888770845761,0.19906062911026187,6,1.441832430900715e-11,0.9999999999999989
28,core,2.5,1.0,5.0,2.0,mixed,steady,0.32303418503670106,432,optimal,1.1324101378828999e-13,3.2670064587146044,0,1.9507771862724982e-13,0.011322590174423143,44.47544025817866,55.51975295637887,1.9507771862724982e-11,0.4806785422966737,0.0912258974324809,85.9576978601881,4.835952232237951,0.3168253971258102,9,-1.7883297390901624e-12,0.9999999999999989,-3.4078371635021254e-15,0.011354893592926813,63.561482503003006,36.42228347332046,-3.4078371635021254e-13,1.6234023676872045,0.05892544960724016,88.01508623379145,4.943779748424087,0.268443478000792,8,3.3557136629451707e-12,0.9999999999999989
29,core,2.5,1.0,5.0,2.0,mixed,manager_rotation,0.2007124462016438,432,optimal,2.890396255672556e-14,3.285156541969627,0,1.9507771862724982e-13,0.01129483775381952,44.47544025817866,55.51975295637887,1.9507771862724982e-11,0.4806785422966737,0.13121436983580706,85.9576978601881,4.835952232237951,0.3168253971258102,9,-4.731702548088071e-13,0.9999999999999989,2.4950907225734786e-14,0.011314908998439684,59.523565947786174,40.46243256165917,2.4950907225734786e-12,1.4001490552170839,0.0672422970262885,87.68228466184601,4.931971400120866,0.2833048522652321,8,7.695311605277443e-13,0.9999999999999989
30,core,2.5,1.0,5.0,2.0,mixed,premium_rotation,0.36693859504582926,432,optimal,8.082250146923542e-14,3.3154768338426948,0,1.9507771862724982e-13,0.010716235990014828,44.47544025817866,55.51975295637887,1.9507771862724982e-11,0.4806785422966737,0.5987107132955253,85.9576978601881,4.835952232237951,0.3168253971258102,9,-1.0630802133233287e-12,0.9999999999999989,2.136095120230941e-15,0.010752929849519411,65.59177268609947,34.391309689495,2.1360951202309408e-13,1.691762440530775,0.421584171567455,86.09697763093172,4.788314771826512,0.2514878660684296,8,2.493340369582582e-12,0.9999999999999989
31,core,2.5,1.0,5.0,2.0,mixed,premium_reverse,0.30698897970485306,432,optimal,2.387083586352645e-13,3.2654748340137303,0,1.9507771862724982e-13,0.012071867222145715,44.47544025817866,55.51975295637887,1.9507771862724982e-11,0.4806785422966737,0.45122946386954954,85.9576978601881,4.835952232237951,0.3168253971258102,9,5.094277050980006e-14,0.9999999999999989,-3.332295377134198e-15,0.0121025661201162,59.93067599371884,40.05484254264006,-3.332295377134198e-13,1.4481463641442978,0.35009932797974297,89.23102278030801,5.050126821724657,0.2881773538276632,8,7.624561436858288e-12,0.9999999999999989
32,core,2.5,2.0,5.0,2.0,cash,steady,0.16559484756947448,432,optimal,1.7095699855751434e-14,3.2959457500837743,0,6.388075832197693e-14,0.011189604163275172,61.35782007940021,38.6037802545028,6.388075832197693e-12,3.8399666090600673,0.40252584639975125,89.03789373438109,5.016695589545804,0.3474900507429398,7,-1.4518274253133185e-12,0.9999999999999989,9.085008136414108e-13,0.01120616364803212,71.86906809287368,28.089379497089627,9.085008136414108e-11,4.155240994585476,0.36566210611757766,89.11424875483306,5.0020205096367665,0.29773823404159794,6,1.2712294629772195e-12,0.9999999999999989
33,core,2.5,2.0,5.0,2.0,cash,manager_rotation,0.2388723959347895,432,optimal,2.3581830932428716e-14,3.336071167141199,0,6.388075832197693e-14,0.011138900031358725,61.35782007940021,38.6037802545028,6.388075832197693e-12,3.8399666090600673,0.520303704717325,89.03789373438109,5.016695589545804,0.3474900507429398,7,-2.9222654163033393e-12,0.9999999999999989,1.6305404292385473e-12,0.011162787270952204,70.40326989327367,29.555617348147013,1.6305404292385473e-10,4.111275841626624,0.43609394669684154,88.94467986159046,4.995797252473328,0.2955561734699583,6,2.073090559894658e-12,0.9999999999999989
34,core,2.5,2.0,5.0,2.0,cash,premium_rotation,0.26674858474379226,432,optimal,2.4072757676130152e-14,3.30282433424145,0,6.388075832197693e-14,0.010589288840843447,61.35782007940021,38.6037802545028,6.388075832197693e-12,3.8399666090600673,0.9571325606780577,89.03789373438109,5.016695589545804,0.3474900507429398,7,-1.5381380929135532e-12,0.9999999999999989,1.4347936358981295e-12,0.010615963699317827,74.43839211426024,25.519284832572612,1.4347936358981295e-10,4.232305302364656,0.7293446080663981,87.40691118206726,4.863897220224751,0.29954346929449926,6,2.0569195760718195e-12,0.9999999999999989
35,core,2.5,2.0,5.0,2.0,cash,premium_reverse,0.17792618476179106,432,optimal,1.5216994331268552e-14,3.28612112486735,0,6.388075832197693e-14,0.011926565139729143,61.35782007940021,38.6037802545028,6.388075832197693e-12,3.8399666090600673,0.6650042572164389,89.03789373438109,5.016695589545804,0.3474900507429398,7,6.966156167534376e-13,0.9999999999999989,-1.2395683438026772e-14,0.011944357758205322,64.93128114126175,35.02924736869513,-1.2395683438026772e-12,3.94714900443699,0.4834777673391379,91.40208066433436,5.202479265009877,0.3140413182489283,8,3.958739802981115e-13,0.9999999999999989
36,core,2.5,2.0,5.0,2.0,etfs,steady,0.5445419998985346,432,optimal,2.5196685016215525e-13,3.2947952919639647,0,1.9360662704102916e-12,0.011094945855212483,21.321091138038078,78.66398111101802,1.9360662704102916e-10,1.4927750750298345,0.5863680580143672,84.76376054407916,4.813463310906465,0.33333336842040595,6,-4.548309970840714e-13,0.9999999999999989,2.4293945219237834e-12,0.011149400055202336,52.353608704434905,47.609736438257585,2.4293945219237834e-10,3.6654857064565944,0.45859326493787994,88.26877193867173,4.98068898711117,0.3333333333210597,8,9.888882247788278e-12,0.9999999999999989
37,core,2.5,2.0,5.0,2.0,etfs,manager_rotation,0.452297262427577,432,optimal,2.2665376520070168e-13,3.306908625178039,0,1.9360662704102916e-12,0.011069593184507922,21.321091138038078,78.66398111101802,1.9360662704102916e-10,1.4927750750298345,0.7068007103805106,84.76376054407916,4.813463310906465,0.33333336842040595,6,3.3165604865301873e-13,0.9999999999999989,1.6881605705357239e-12,0.01111482291075068,47.925279657822784,52.04116593536655,1.688160570535724e-10,3.3554406641838077,0.5344005897938058,87.68764881238127,4.953234140660717,0.33333333332946885,8,7.724183380582172e-12,0.9999999999999989
38,core,2.5,2.0,5.0,2.0,etfs,premium_rotation,0.5369365915772716,432,optimal,1.1722393888913274e-13,3.3103773747570813,0,1.9360662704102916e-12,0.010496692016297392,21.321091138038078,78.66398111101802,1.9360662704102916e-10,1.4927750750298345,1.1085467125015827,84.76376054407916,4.813463310906465,0.33333336842040595,6,-5.345857599908105e-12,0.9999999999999989,8.319317999251619e-13,0.01055038567545512,53.35431085487487,46.60833365634577,8.319317999251619e-11,3.7355488696168275,0.9236036115876924,87.25524119222781,4.896861281825124,0.3333333333259519,7,4.280121341983939e-12,0.9999999999999989
39,core,2.5,2.0,5.0,2.0,etfs,premium_reverse,0.5294718210691919,432,optimal,1.5670277575541292e-13,3.3332352079451084,0,1.9360662704102916e-12,0.011860942043890724,21.321091138038078,78.66398111101802,1.9360662704102916e-10,1.4927750750298345,0.8413945025106266,84.76376054407916,4.813463310906465,0.33333336842040595,6,2.730641505011705e-12,0.9999999999999989,7.095963898938462e-13,0.011913889225997643,46.659610082132644,53.30772165708607,7.095963898938462e-11,3.266826071031985,0.6445337349825488,89.11316060728832,5.068251014223201,0.3333333333499389,8,5.306270234404359e-12,0.9999999999999989
40,core,2.5,2.0,5.0,2.0,funds,steady,0.12065146165713553,432,optimal,4.102967965380344e-13,3.290460958145559,0,1.1050689307850678e-12,0.011410641057611606,85.74392493963853,14.24609780315181,1.1050689307850678e-10,0.9977257099152956,0.4684999389527334,86.02359467239285,4.79984527456292,0.1666666667231849,7,-3.2662659740518435e-13,0.9999999999999989,3.3156157398621378e-12,0.01142270620377732,82.6976310073738,17.28802089035385,3.315615739862138e-10,1.4348101940783287,0.412882514670226,86.90018115491854,4.846901922718796,0.18905979933022643,6,1.4014851792650863e-11,0.9999999999999989
41,core,2.5,2.0,5.0,2.0,funds,manager_rotation,0.047409473398936364,432,optimal,4.872820896784091e-13,3.265657333191484,0,1.1050689307850678e-12,0.011404026981441082,85.74392493963853,14.24609780315181,1.1050689307850678e-10,0.9977257099152956,0.4650236430090126,86.02359467239285,4.79984527456292,0.1666666667231849,7,-9.645051027111756e-12,0.9999999999999989,1.4682395381958313e-12,0.011408767928780976,83.41339207473744,16.573750725994987,1.4682395381958313e-10,1.2857199120740082,0.4359293008336608,87.20709911019455,4.879574631703967,0.1791581167956181,6,1.381042367054261e-11,0.9999999999999989
42,core,2.5,2.0,5.0,2.0,funds,premium_rotation,0.07255761977648795,432,optimal,2.6905040695357485e-13,3.302768582943827,0,1.1050689307850678e-12,0.010849082452808228,85.74392493963853,14.24609780315181,1.1050689307850678e-10,0.9977257099152956,0.8449033023082795,86.02359467239285,4.79984527456292,0.1666666667231849,7,-1.066029382823519e-11,0.9999999999999989,8.579728453302765e-12,0.010856338214785877,85.91269744637127,14.07446256851371,8.579728453302765e-10,1.2839984257052552,0.6228315316778106,84.76554955345185,4.682811008253453,0.1964810713317122,7,1.6322230025900275e-11,0.9999999999999989
43,core,2.5,2.0,5.0,2.0,funds,premium_reverse,0.17561615150051696,432,optimal,4.812400478115819e-13,3.2810390000231564,0,1.1050689307850678e-12,0.012113495115876515,85.74392493963853,14.24609780315181,1.1050689307850678e-10,0.9977257099152956,0.9999312162441941,86.02359467239285,4.79984527456292,0.1666666667231849,7,-8.33610199098278e-13,0.9999999999999989,6.459585904367016e-12,0.012131056731026567,80.38893513686085,19.595636513133723,6.459585904367016e-10,1.5428349359454887,0.7880578779652977,88.4027285437158,4.966904946165933,0.1959563651291874,6,2.056336381012734e-11,0.9999999999999989
44,core,2.5,2.0,5.0,2.0,mixed,steady,0.23272550976732517,432,optimal,3.347322419244847e-14,3.2450593332760036,0,2.314427607354695e-13,0.01136784959357356,44.348829743688555,55.64641203006629,2.314427607354695e-11,0.4758226222022615,0.5036331042613822,85.94556027932808,4.835769934937757,0.3178273439013196,9,-1.0844077480594294e-11,0.9999999999999989,-5.880468638072567e-15,0.011391122144550292,60.01031297237748,39.97583883814632,-5.880468638072567e-13,1.3848189476794632,0.45483996757972217,87.88032706149701,4.943761981369412,0.27095501895586627,8,8.58128238606648e-13,0.9999999999999989
45,core,2.5,2.0,5.0,2.0,mixed,manager_rotation,0.13818240182619096,432,optimal,5.058280183600772e-14,3.2914817091077566,0,2.314427607354695e-13,0.011342832748214501,44.348829743688555,55.64641203006629,2.314427607354695e-11,0.4758226222022615,0.6014235990322725,85.94556027932808,4.835769934937757,0.3178273439013196,9,-1.8268142532550102e-12,0.9999999999999989,-5.205268182630063e-15,0.01135665098839712,56.06063681755721,43.927722963409764,-5.205268182630063e-13,1.164021903355694,0.523015261859923,87.50421530506065,4.928565688474129,0.28488613043650723,8,1.3056608745565246e-12,0.9999999999999989
46,core,2.5,2.0,5.0,2.0,mixed,premium_rotation,0.26859249046631145,432,optimal,8.261273609644348e-14,3.301446749828756,0,2.314427607354695e-13,0.010772673628409727,44.348829743688555,55.64641203006629,2.314427607354695e-11,0.4758226222022615,1.004610149976761,85.94556027932808,4.835769934937757,0.3178273439013196,9,-6.631720312602531e-12,0.9999999999999989,1.09931052975909e-14,0.010799532877456358,62.65003800876705,37.33510399302491,1.09931052975909e-12,1.4857998206953082,0.8242902850475057,86.23485615889894,4.808145807373446,0.2500000000293637,8,2.160239868931324e-12,0.9999999999999989
47,core,2.5,2.0,5.0,2.0,mixed,premium_reverse,0.23947549860462575,432,optimal,8.91335616426403e-14,3.284114375244826,0,2.314427607354695e-13,0.012115990512683639,44.348829743688555,55.64641203006629,2.314427607354695e-11,0.4758226222022615,0.7334220305650722,85.94556027932808,4.835769934937757,0.3178273439013196,9,4.524569466920342e-14,0.9999999999999989,2.1395049360634077e-14,0.012139938062544101,57.96788583181773,42.01899364188694,2.1395049360634077e-12,1.3120526293184283,0.6576346888383946,88.94456545698256,5.033445688449816,0.28850955264132,8,2.6492218249858646e-12,0.9999999999999989
48,core,2.0,1.0,5.0,2.0,cash,steady,0.13578226476695238,432,optimal,5.0329532208515104e-14,3.3403620421886444,0,8.008502715151078e-14,0.012621905914584734,59.32360011113551,40.63861036672757,8.008502715151078e-12,3.778952212891327,0.044212117799649474,99.09036652206997,5.851033041386642,0.4063861036450065,5,-6.383439923038402e-13,0.9999999999999989,4.476294009937709e-12,0.012635484141061429,68.22202713532775,31.73751434778739,4.476294009937709e-10,4.045851643722651,0.03293391346687835,98.8221810175472,5.8109287392330335,0.32984051534493264,5,5.1129736397179364e-12,0.9999999999999989
49,core,2.0,1.0,5.0,2.0,cash,manager_rotation,0.2576001140679532,432,optimal,4.6775083806238626e-14,3.38605216704309,0,8.008502715151078e-14,0.012556032018372361,59.32360011113551,40.63861036672757,8.008502715151078e-12,3.778952212891327,0.0705142270893912,99.09036652206997,5.851033041386642,0.4063861036450065,5,-1.5327772986108422e-12,0.9999999999999989,4.673904763653064e-12,0.012581792029779156,66.38110101252212,33.57899263797661,4.673904763653064e-10,3.990634903386035,0.03241014331234264,98.28406208368497,5.774736302610113,0.33578992637563615,5,5.372428643992712e-12,0.9999999999999989
50,core,2.0,1.0,5.0,2.0,cash,premium_rotation,0.282376452263762,432,optimal,1.5816861709261332e-13,3.3956768750213087,0,8.008502715151078e-14,0.011798389497669466,59.32360011113551,40.63861036672757,8.008502715151078e-12,3.778952212891327,0.7996370099543582,99.09036652206997,5.851033041386642,0.4063861036450065,5,1.9535688713413768e-13,0.9999999999999989,5.703431271101428e-12,0.011826627142895842,72.03464355756579,27.923754369211235,5.703431271101428e-10,4.160207265262515,0.4956584727219844,96.2804618277926,5.590877035137763,0.33613113499967895,6,9.987207127984835e-12,0.9999999999999989
51,core,2.0,1.0,5.0,2.0,cash,premium_reverse,0.2560137942124105,432,optimal,2.1135870831301418e-14,3.335713416803628,0,8.008502715151078e-14,0.013562063802143117,59.32360011113551,40.63861036672757,8.008502715151078e-12,3.778952212891327,0.3569284254104867,99.09036652206997,5.851033041386642,0.4063861036450065,5,7.518667627609914e-12,0.9999999999999989,6.333978209548813e-12,0.013587665181564358,61.135032555787916,38.82663460038073,6.333978209548813e-10,3.83328431979701,0.10567857828934127,101.7346287778154,6.080741735488393,0.37450999720286016,6,6.6330584417000765e-12,0.9999999999999989
52,core,2.0,1.0,5.0,2.0,etfs,steady,0.9477424755433006,432,optimal,6.721186107672139e-14,3.2876359592191875,0,3.9996527140609417e-13,0.012473783910920388,27.675089306971568,72.30327915917154,3.999652714060942e-11,2.1631533816895234,0.15852866781174887,95.06817818258939,5.6374716650056875,0.38969945821442725,5,1.9038639141231127e-12,0.9999999999999989,1.70254701179276e-12,0.012568558158474718,63.87978682648829,36.075488377596855,1.70254701179276e-10,4.472479574459198,0.03973808008985828,98.56034579537679,5.799208063594732,0.33333333350479527,6,2.9129345284614402e-12,0.9999999999999989
53,core,2.0,1.0,5.0,2.0,etfs,manager_rotation,0.788146515631246,432,optimal,5.1746801288388156e-15,3.295125292148441,0,3.9996527140609417e-13,0.012437730173947307,27.675089306971568,72.30327915917154,3.999652714060942e-11,2.1631533816895234,0.23083478393701026,95.06817818258939,5.6374716650056875,0.38969945821442725,5,6.223312745126316e-13,0.9999999999999989,1.2015081312689857e-12,0.012516544825510432,61.936020507975,38.02061244841529,1.2015081312689857e-10,4.336704348954253,0.04418459633531451,97.7801838329182,5.74552843432921,0.33341222646428553,6,1.2271623943253297e-12,0.9999999999999989
54,core,2.0,1.0,5.0,2.0,etfs,premium_rotation,0.97362044932707,432,optimal,3.571275219993453e-14,3.350285000167787,0,3.9996527140609417e-13,0.01165773153653265,27.675089306971568,72.30327915917154,3.999652714060942e-11,2.1631533816895234,0.8034979805819661,95.06817818258939,5.6374716650056875,0.38969945821442725,5,2.375512574192065e-13,0.9999999999999989,1.272396142441845e-12,0.011755093581465356,65.73534321193118,34.21863284290401,1.272396142441845e-10,4.602394503756851,0.5735559899338398,96.75426987663919,5.640286739086283,0.3333333333378212,6,2.1844263187044775e-12,0.9999999999999989
55,core,2.0,1.0,5.0,2.0,etfs,premium_reverse,0.867684435090204,432,optimal,5.3018353596279155e-14,3.3099557091481984,0,3.9996527140609417e-13,0.013453876700521552,27.675089306971568,72.30327915917154,3.999652714060942e-11,2.1631533816895234,0.6302539681710267,95.06817818258939,5.6374716650056875,0.38969945821442725,5,5.876463397888729e-12,0.9999999999999989,3.7777047657595875e-12,0.013540645144030573,57.01980995290123,42.93991156827236,3.7777047657595875e-10,4.027847844864053,0.3554387327303799,99.39600943114277,5.89422223712057,0.3422472279788626,6,4.814843998762058e-12,0.9999999999999989
56,core,2.0,1.0,5.0,2.0,funds,steady,0.12547907449964035,432,optimal,1.0297318553398327e-14,3.3288050829432905,0,5.5671125261808063e-14,0.012745872958845349,76.15918477837313,23.824129988008227,5.567112526180806e-12,1.6685233613079717,0.0661849189765608,94.00659621484371,5.441986680754688,0.23824129987935896,6,8.379802540166437e-14,0.9999999999999989,4.326178196061015e-12,0.012758420866295313,78.17124693093673,21.807520609800342,4.3261781960610146e-10,2.123245883030268,0.04056664946156285,96.0329653070706,5.598043535193109,0.21807520609712638,6,3.6260262777391625e-12,0.9999999999999989
57,core,2.0,1.0,5.0,2.0,funds,manager_rotation,0.07134517290818473,432,optimal,2.898375983662049e-14,3.281856582965702,0,5.5671125261808063e-14,0.012740875544014756,76.15918477837313,23.824129988008227,5.567112526180806e-12,1.6685233613079717,0.059608536600089024,94.00659621484371,5.441986680754688,0.23824129987935896,6,1.2585231710150531e-13,0.9999999999999989,3.221747277596873e-12,0.012748010061305574,74.58335946598449,25.39742098807018,3.221747277596873e-10,1.9219545623154,0.032282337294174734,95.82840838981365,5.590570106480669,0.2539742098799281,6,2.3879948176210378e-12,0.9999999999999989
58,core,2.0,1.0,5.0,2.0,funds,premium_rotation,0.13247366001969269,432,optimal,7.07715136494258e-14,3.332111292053014,0,5.5671125261808063e-14,0.011983503802351251,76.15918477837313,23.824129988008227,5.567112526180806e-12,1.6685233613079717,0.5562171593133934,94.00659621484371,5.441986680754688,0.23824129987935896,6,-9.120586501754763e-14,0.9999999999999989,3.0107767136616087e-12,0.01199675116835322,83.27899481605176,16.703905121602407,3.0107767136616087e-10,1.710006204473612,0.2896208934356706,91.69316354846404,5.238216990727141,0.19581625384089058,6,4.839495685507549e-12,0.9999999999999989
59,core,2.0,1.0,5.0,2.0,funds,premium_reverse,0.18894259019408555,432,optimal,2.3059852638507294e-13,3.320920499972999,0,5.5671125261808063e-14,0.013663248808568,76.15918477837313,23.824129988008227,5.567112526180806e-12,1.6685233613079717,0.7621502480868501,94.00659621484371,5.441986680754688,0.23824129987935896,6,2.6972524149078414e-13,0.9999999999999989,2.0140220600203124e-12,0.013682143067587409,74.57196908464265,25.407168072207476,2.0140220600203124e-10,2.0862842948464304,0.44481227821252056,98.05527049573836,5.782458232692049,0.2540716807215485,6,7.823995046133715e-12,0.9999999999999989
60,core,2.0,1.0,5.0,2.0,mixed,steady,0.8169034398958566,432,optimal,7.303428695148995e-13,3.3741560843773186,0,5.187274221274407e-13,0.012681641670202875,43.85798141890131,56.13427118942127,5.187274221274407e-11,0.7747391625559028,0.16927231455103983,93.04921240781847,5.424701573457733,0.3711859500511195,8,-1.3902599977819695e-12,0.9999999999999989,-3.851803316405611e-13,0.01276333201419246,68.71276140325074,31.2609180796876,-3.851803316405611e-11,2.6320517100198124,0.03785047151976817,97.14175387286095,5.6710907203775935,0.31260917657987114,6,1.4950019378652448e-11,0.9999999999999989
61,core,2.0,1.0,5.0,2.0,mixed,manager_rotation,0.5266147962863788,432,optimal,1.448858394370589e-13,3.3840994159691036,0,5.187274221274407e-13,0.012651908208686079,43.85798141890131,56.13427118942127,5.187274221274407e-11,0.7747391625559028,0.17855031314807665,93.04921240781847,5.424701573457733,0.3711859500511195,8,5.439782467791393e-14,0.9999999999999989,1.0888100317185678e-14,0.012704569688314717,66.50853922698973,33.46593860279757,1.0888100317185678e-12,2.552217021162044,0.04116592670193108,96.56415320891419,5.631680574386378,0.33099760240134807,6,3.3353826699254047e-12,0.9999999999999989
62,core,2.0,1.0,5.0,2.0,mixed,premium_rotation,0.7113267811776486,432,optimal,2.3925306180672123e-14,3.423008000012487,0,5.187274221274407e-13,0.01190072697326203,43.85798141890131,56.13427118942127,5.187274221274407e-11,0.7747391625559028,0.6929120787081545,93.04921240781847,5.424701573457733,0.3711859500511195,8,-1.3320566072155988e-11,0.9999999999999989,-3.2168278457644917e-15,0.011971859651379795,73.59222940901927,26.384295946150573,-3.2168278457644917e-13,2.347464483047734,0.3696501917993,93.60375405772744,5.377750569306356,0.3169530913009075,7,6.701410104555767e-13,0.9999999999999989
63,core,2.0,1.0,5.0,2.0,mixed,premium_reverse,0.8018218058311078,432,optimal,1.8300638782164924e-13,3.373121500015259,0,5.187274221274407e-13,0.013629172311628834,43.85798141890131,56.13427118942127,5.187274221274407e-11,0.7747391625559028,0.8320710601527642,93.04921240781847,5.424701573457733,0.3711859500511195,8,2.9259445344029245e-13,0.9999999999999989,1.651830798879428e-14,0.013709354492211945,62.38344388654337,37.59322087714407,1.6518307988794279e-12,2.3335236310921172,0.4738595768198458,98.14892908401504,5.776164788204018,0.34155396387834286,7,4.074602227887095e-12,0.9999999999999989
64,core,3.0,1.0,5.0,2.0,cash,steady,0.3419506240420235,432,optimal,7.650304001405317e-14,3.26512133423239,0,1.3516482854844525e-13,0.010020501318752983,56.659830823215465,43.30317862563429,1.3516482854844525e-11,3.699055113673459,0.04329380789063827,81.75776108414067,4.464647258072238,0.30391726828577537,8,-2.8977094149568434e-12,0.9999999999999989,-6.092565688065044e-15,0.010054696381157186,75.19126762035219,24.76618350913642,-6.092565688065044e-13,4.2548870512003365,0.02228789460584589,82.38268017701807,4.477529712686123,0.2785725886277625,6,1.9594033291497545e-12,0.9999999999999989
65,core,3.0,1.0,5.0,2.0,cash,manager_rotation,0.36789552210949455,432,optimal,7.086345399365257e-14,3.284608207643032,0,1.3516482854844525e-13,0.009971504580842203,56.659830823215465,43.30317862563429,1.3516482854844525e-11,3.699055113673459,0.07535979538339385,81.75776108414067,4.464647258072238,0.30391726828577537,8,8.067745452043588e-14,0.9999999999999989,4.1386876564741826e-12,0.010008294133053153,73.89967312033119,26.058165409612847,4.1386876564741826e-10,4.216146964208818,0.022636147886995753,82.24715025601513,4.473577699157063,0.2605816529837538,6,4.741939456251671e-12,0.9999999999999989
66,core,3.0,1.0,5.0,2.0,cash,premium_rotation,0.4502788562767146,432,optimal,2.055820791380114e-14,3.2927063340321183,0,1.3516482854844525e-13,0.009547717454732232,56.659830823215465,43.30317862563429,1.3516482854844525e-11,3.699055113673459,0.4483419289739404,81.75776108414067,4.464647258072238,0.30391726828577537,8,9.213073690452281e-14,0.9999999999999989,2.068840324748189e-12,0.009592745340359903,77.53038561393859,22.426363920263494,2.068840324748189e-10,4.3250465591022005,0.23119680747816865,80.74710240883509,4.355526583848319,0.28076132858539016,6,2.718825759183176e-12,0.9999999999999989
67,core,3.0,1.0,5.0,2.0,cash,premium_reverse,0.25934194326197524,432,optimal,7.884318198314588e-15,3.2793942079879344,0,1.3516482854844525e-13,0.010608901410495697,56.659830823215465,43.30317862563429,1.3516482854844525e-11,3.699055113673459,0.29321355421997963,81.75776108414067,4.464647258072238,0.30391726828577537,8,2.421939886518251e-12,0.9999999999999989,2.9605766622975427e-15,0.010634835604821894,68.53053662014071,31.428912329083097,2.9605766622975427e-13,4.055105077588698,0.17543943698808853,84.0817776124982,4.617545394570563,0.27615895882300673,7,2.8313549421676854e-13,0.9999999999999989
68,core,3.0,1.0,5.0,2.0,etfs,steady,0.5726109360927254,432,optimal,5.967448757360216e-14,3.2587274997495115,0,7.56432270336907e-14,0.009943483267297906,12.351547004600807,87.63980518292578,7.56432270336907e-12,0.8647812465851128,0.12090784582383557,77.5020412039692,4.27825965353492,0.33333333333673026,6,1.7322593361528293e-13,0.9999999999999989,5.758118645522031e-12,0.010000744360907178,43.19259409876336,56.77716503661877,5.758118645522031e-10,3.0240864042057924,0.05913436682141116,80.68431031631636,4.416976318010769,0.3203585940954394,8,7.229282822466274e-12,0.9999999999999989
69,core,3.0,1.0,5.0,2.0,etfs,manager_rotation,0.45675387215546315,432,optimal,5.827456572848888e-14,3.2732538329437375,0,7.56432270336907e-14,0.009925016495573355,12.351547004600807,87.63980518292578,7.56432270336907e-12,0.8647812465851128,0.1567036456982719,77.5020412039692,4.27825965353492,0.33333333333673026,6,1.7334757202125363e-13,0.9999999999999989,5.232453522113073e-12,0.009970691882788901,37.29339438642926,62.68049501485724,5.232453522113073e-10,2.6110598190243177,0.06977964747048047,80.17222481008989,4.398673983941027,0.33259588753652186,8,6.181313585442404e-12,0.9999999999999989
70,core,3.0,1.0,5.0,2.0,etfs,premium_rotation,0.5403941930323154,432,optimal,4.085620730620576e-14,3.3039405406452715,0,7.56432270336907e-14,0.009476653918270135,12.351547004600807,87.63980518292578,7.56432270336907e-12,0.8647812465851128,0.5782429211930005,77.5020412039692,4.27825965353492,0.33333333333673026,6,5.411812762246698e-14,0.9999999999999989,5.798242528470832e-12,0.009530693337573367,43.18145726945403,56.78830966326407,5.798242528470832e-10,3.02330667020742,0.4565241333502111,79.52556704067541,4.33062938849421,0.30343117361466276,8,7.202322029756519e-12,0.9999999999999989
71,core,3.0,1.0,5.0,2.0,etfs,premium_reverse,0.58963774124135,432,optimal,5.83630366257637e-14,3.274308584164828,0,7.56432270336907e-14,0.010545922133378977,12.351547004600807,87.63980518292578,7.56432270336907e-12,0.8647812465851128,0.5026900605420708,77.5020412039692,4.27825965353492,0.33333333333673026,6,3.3941825180539356e-13,0.9999999999999989,1.1449770710540708e-12,0.010604885907503112,40.658303658711134,59.31322983531204,1.1449770710540708e-10,2.8466505862306404,0.2859362087557074,81.93130791466066,4.518366143182048,0.33333333332682835,8,3.6175499716021436e-12,0.9999999999999989
72,core,3.0,1.0,5.0,2.0,funds,steady,0.22617843204515709,432,optimal,8.094219738907782e-15,3.3743259580805898,0,2.604569026274685e-12,0.010285424943342576,92.02125646431824,7.973159531738537,2.604569026274685e-10,0.5584003682777036,0.0776829057554048,80.0320877527053,4.353634310075943,0.1666666667282781,7,1.5063933444820626e-13,0.9999999999999989,8.7257946094349e-12,0.010308042786547091,87.334608887396,12.653709734447064,8.7257946094349e-10,1.168137728434021,0.031579692905347255,81.17197443284459,4.407803275180072,0.19484606447815472,7,5.308669828273469e-12,0.9999999999999989
73,core,3.0,1.0,5.0,2.0,funds,manager_rotation,0.10888636563602741,432,optimal,1.235105767660727e-13,3.3456095829606056,0,2.604569026274685e-12,0.010278771886365473,92.02125646431824,7.973159531738537,2.604569026274685e-10,0.5584003682777036,0.04900132917437675,80.0320877527053,4.353634310075943,0.1666666667282781,7,1.2735434451807692e-13,0.9999999999999989,3.1464648594936584e-12,0.010289660522929076,88.11038831357352,11.88037382801976,3.1464648594936584e-10,0.9237858092070145,0.03163342481480475,81.00674179713846,4.405887524132068,0.1758364414991962,7,7.551391618743064e-12,0.9999999999999989
74,core,3.0,1.0,5.0,2.0,funds,premium_rotation,0.1351493805370682,432,optimal,1.16606377331685e-13,3.397286499850452,0,2.604569026274685e-12,0.009851003058702054,92.02125646431824,7.973159531738537,2.604569026274685e-10,0.5584003682777036,0.5047597500327373,80.0320877527053,4.353634310075943,0.1666666667282781,7,5.3998973803710826e-14,0.9999999999999989,6.478778735827424e-12,0.009864517996755761,90.71454572703655,9.27606389910473,6.478778735827424e-10,0.9390373210853169,0.19707700212813045,78.57717941775586,4.225762762744976,0.19559099961217158,7,1.0493153663201992e-11,0.9999999999999989
75,core,3.0,1.0,5.0,2.0,funds,premium_reverse,0.2944581441066164,432,optimal,2.805741750044888e-13,3.367401790805161,0,2.604569026274685e-12,0.010834019337882483,92.02125646431824,7.973159531738537,2.604569026274685e-10,0.5584003682777036,0.6586804476056016,80.0320877527053,4.353634310075943,0.1666666667282781,7,2.5218754493537554e-12,0.9999999999999989,1.267588624668213e-11,0.010863465152293144,85.10282496086218,14.884715790786684,1.267588624668213e-09,1.245924708354239,0.3849324831632258,82.60698746751888,4.5141542792918425,0.1870038307248281,7,2.1917949483900127e-11,0.9999999999999989
76,core,3.0,1.0,5.0,2.0,mixed,steady,0.08795020599371844,432,optimal,6.65231758567586e-14,3.263784999959171,0,7.192848679410217e-13,0.010249539815787096,43.91950373058223,56.07832085330989,7.192848679410217e-11,0.21754160359530914,0.052102003415986115,80.05187618085165,4.381254887411811,0.2607832085110669,9,-2.3472609464838046e-13,0.9999999999999989,1.647534647770954e-14,0.010258334836386468,54.29245389856969,45.69853958239586,1.647534647770954e-12,0.9006519032805674,0.049669411193090846,80.63393127703957,4.396277383322414,0.24999999999923753,9,2.492887176525592e-12,0.9999999999999989
77,core,3.0,1.0,5.0,2.0,mixed,manager_rotation,0.04420338797123807,432,optimal,2.1625062851526877e-14,3.320613957941532,0,7.192848679410217e-13,0.010222336636772668,43.91950373058223,56.07832085330989,7.192848679410217e-11,0.21754160359530914,0.07492101706069947,80.05187618085165,4.381254887411811,0.2607832085110669,9,5.309432424601619e-14,0.9999999999999989,2.7075414935247288e-14,0.010226756975569792,49.30151091202208,50.69297692790472,2.707541493524729e-12,0.5512160070494946,0.05610001266805041,80.05421123059128,4.36978777564142,0.2500000000016212,9,7.322757061621843e-13,0.9999999999999989
78,core,3.0,1.0,5.0,2.0,mixed,premium_rotation,0.11864875188382154,432,optimal,6.811044783727738e-14,3.3570457091555,0,7.192848679410217e-13,0.009780307077857955,43.91950373058223,56.07832085330989,7.192848679410217e-11,0.21754160359530914,0.5193708123004783,80.05187618085165,4.381254887411811,0.2607832085110669,9,-6.700468901509743e-13,0.9999999999999989,1.3174113492817052e-14,0.009792171953046337,53.15830541999345,46.833482123719996,1.3174113492817052e-12,0.8212456285252724,0.43912267797509325,79.82617765311488,4.338627048697549,0.2499999999866314,9,2.5524565762640587e-12,0.9999999999999989
79,core,3.0,1.0,5.0,2.0,mixed,premium_reverse,0.07690166547311833,432,optimal,7.837654136810812e-14,3.3114902093075216,0,7.192848679410217e-13,0.010847127513860282,43.91950373058223,56.07832085330989,7.192848679410217e-11,0.21754160359530914,0.33504488838135776,80.05187618085165,4.381254887411811,0.2607832085110669,9,6.71492057849152e-14,0.9999999999999989,-3.433779410984272e-14,0.010854817680407594,51.96588782494147,48.02673457806483,-3.4337794109842723e-12,0.7377596997124451,0.3030085199429194,81.33612239111665,4.456027550998172,0.25000000000666706,9,2.780677882505307e-12,0.9999999999999989
80,costs,2.5,1.0,0.0,2.0,cash,steady,0.04368145301830717,432,optimal,8.7360674250192e-14,3.3047212082892656,0,1.5263825935889295e-12,0.01157829474296622,89.0401363608226,10.957672104603846,1.5263825935889295e-10,0.21915344209207693,0.0158394088622379,88.83806194880403,4.980597089479146,0.31650656976980707,6,2.3463027323679766e-12,0.9999999999999989,1.705676615573748e-13,0.01158266288826805,84.41228985931726,15.584593222021276,1.705676615573748e-11,0.3116918644404255,0.003648374713464782,88.99919805778086,4.987918595360311,0.31204706268092725,6,5.6504505795468514e-12,0.9999999999999989
81,costs,2.5,1.0,0.0,2.0,cash,manager_rotation,0.068010385256001,432,optimal,7.37257477290143e-15,3.304984665941447,0,1.5263825935889295e-12,0.0115340971994717,89.0401363608226,10.957672104603846,1.5263825935889295e-10,0.21915344209207693,0.0673846809393292,88.83806194880403,4.980597089479146,0.31650656976980707,6,1.666882281278737e-12,0.9999999999999989,6.213976273643229e-13,0.0115408982379973,82.92105491329664,17.075529980645086,6.213976273643229e-11,0.3415105996129017,0.006394811010219031,89.02779646036332,4.9891750015381335,0.31050425514392166,6,1.1023200385106836e-12,0.9999999999999989
82,costs,2.5,1.0,0.0,2.0,cash,premium_rotation,0.002471693076010195,432,optimal,2.3245294578089215e-14,3.312789584044367,0,1.5263825935889295e-12,0.011043324605157015,89.0401363608226,10.957672104603846,1.5263825935889295e-10,0.21915344209207693,7.304680423328414e-10,88.83806194880403,4.980597089479146,0.31650656976980707,6,1.5293351384377634e-12,0.9999999999999989,2.6098654148736487e-12,0.011043571774464616,90.09811647711935,9.89990354191129,2.6098654148736487e-10,0.19799807083822582,3.5117913509705847e-10,88.8945512598653,4.98692974769759,0.31783499504026574,6,3.6385856531265255e-12,0.9999999999999989
83,costs,2.5,1.0,0.0,2.0,cash,premium_reverse,0.0951722552490486,432,optimal,7.113233613242897e-14,3.31693220930174,0,1.5263825935889295e-12,0.012317550438512417,89.0401363608226,10.957672104603846,1.5263825935889295e-10,0.21915344209207693,0.23024415892239378,88.83806194880403,4.980597089479146,0.31650656976980707,6,2.11847647239795e-12,0.9999999999999989,1.597155974098971e-12,0.012327067664037322,79.83716863320697,20.158799606711955,1.597155974098971e-10,0.40317599213423916,0.051858465537363084,89.07450740857173,4.991966298343463,0.30735943352604916,6,6.438037305720736e-12,0.9999999999999989
84,costs,2.5,1.0,0.0,2.0,etfs,steady,0.046564055194518034,432,optimal,5.702556482578558e-14,3.3752212501131,0,2.2414459611291848e-13,0.01145886459284146,70.00994338849618,29.976051821845783,2.2414459611291848e-11,1.4004789635630843,0.021712921670825457,89.21475434312737,5.011012171376234,0.2997605181933538,6,2.20452861620393e-12,0.9999999999999989,1.513856043560552e-13,0.011463520998360913,74.8175866631837,25.167446826166383,1.513856043560552e-11,1.4966510634766723,0.003921485931477025,89.18752482430476,5.00310647771212,0.3023254924890159,6,4.929362029389999e-12,0.9999999999999989
85,costs,2.5,1.0,0.0,2.0,etfs,manager_rotation,0.02258386591152961,432,optimal,1.1435644098334308e-13,3.3852891246788204,0,2.2414459611291848e-13,0.01142564644883284,70.00994338849618,29.976051821845783,2.2414459611291848e-11,1.4004789635630843,0.007332132641179464,89.21475434312737,5.011012171376234,0.2997605181933538,6,1.405056495720641e-12,0.9999999999999989,4.4257344100281926e-13,0.011427904835423993,73.32620220507884,26.659129620801053,4.4257344100281926e-11,1.4668174075839788,0.0012120498028690375,89.21654529514976,5.0067886910757045,0.30077927891929973,6,9.811475611145152e-12,0.9999999999999989
86,costs,2.5,1.0,0.0,2.0,etfs,premium_rotation,0.09564823830058092,432,optimal,8.059525269388246e-14,3.385575750377029,0,2.2414459611291848e-13,0.010892530848886757,70.00994338849618,29.976051821845783,2.2414459611291848e-11,1.4004789635630843,0.23938484530103019,89.21475434312737,5.011012171376234,0.2997605181933538,6,1.7560205947762114e-12,0.9999999999999989,3.1166597623012715e-13,0.010902095672716815,79.2737985071095,20.71034356157163,3.1166597623012715e-11,1.5857931287685672,0.057458240917723544,89.10579497156898,4.9947272123943085,0.30686598234924706,6,7.542759443853023e-12,0.9999999999999989
87,costs,2.5,1.0,0.0,2.0,etfs,premium_reverse,0.001600251792674423,432,optimal,2.5831767280770634e-14,3.4468078748323023,0,2.2414459611291848e-13,0.012230101965715893,70.00994338849618,29.976051821845783,2.2414459611291848e-11,1.4004789635630843,9.679162925788703e-10,89.21475434312737,5.011012171376234,0.2997605181933538,6,1.7893165038738553e-12,0.9999999999999989,2.095584177106563e-13,0.01223026199089516,69.1555940907662,30.83057202361755,2.095584177106563e-11,1.3833885595276492,4.00883546336128e-10,89.28588606412373,5.018113835227253,0.30830572023423963,6,2.236467606835498e-12,0.9999999999999989
88,costs,2.5,1.0,0.0,2.0,funds,steady,0.043681453055031266,432,optimal,8.183557997920587e-14,3.269562750123441,0,1.2035000037833535e-12,0.011578294742972185,89.04013636313933,10.957672102319863,1.2035000037833535e-10,0.21915344204639728,0.01583940758882545,88.8380619489907,4.980597089493163,0.31650656977611163,6,1.9568044516495606e-12,0.9999999999999989,8.413714467974884e-14,0.011582662888277688,84.41228985635894,15.584593224987648,8.413714467974884e-12,0.3116918644997529,0.0036483746206965196,88.99919805776406,4.987918595357319,0.312047062677118,6,5.1306859013199285e-12,0.9999999999999989
89,costs,2.5,1.0,0.0,2.0,funds,manager_rotation,0.06801038525579284,432,optimal,6.663072871226916e-15,3.2436609170399606,0,1.2035000037833535e-12,0.011534097199473979,89.04013636313933,10.957672102319863,1.2035000037833535e-10,0.21915344204639728,0.06738468096958981,88.8380619489907,4.980597089493163,0.31650656977611163,6,1.4093880710324617e-12,0.9999999999999989,5.380296089294717e-13,0.011540898237999558,82.92105491231277,17.075529981637093,5.380296089294717e-11,0.34151059963274194,0.006394810989016418,89.02779646030874,4.989175001532951,0.31050425514297597,6,9.709850192888836e-13,0.9999999999999989
90,costs,2.5,1.0,0.0,2.0,funds,premium_rotation,0.002471692939435416,432,optimal,2.56773768914087e-14,3.2534280829131603,0,1.2035000037833535e-12,0.011043324605166665,89.04013636313933,10.957672102319863,1.2035000037833535e-10,0.21915344204639728,6.739810892586959e-10,88.8380619489907,4.980597089493163,0.31650656977611163,6,1.271859875772884e-12,0.9999999999999989,2.6698303195516783e-12,0.011043571774460609,90.09811647747827,9.899903541546424,2.6698303195516783e-10,0.1979980708309285,3.9339122309402863e-10,88.8945512599062,4.986929747701692,0.3178349950412623,6,3.814682577167956e-12,0.9999999999999989
91,costs,2.5,1.0,0.0,2.0,funds,premium_reverse,0.0951722549344218,432,optimal,8.467705703285588e-14,3.243329167366028,0,1.2035000037833535e-12,0.012317550438516608,89.04013636313933,10.957672102319863,1.2035000037833535e-10,0.21915344204639728,0.23024415896176592,88.8380619489907,4.980597089493163,0.31650656977611163,6,1.90383042582851e-12,0.9999999999999989,2.0277324673414858e-12,0.01232706766401005,79.83716871604567,20.158799523846778,2.0277324673414858e-10,0.4031759904769356,0.05185846859225458,89.07450740899324,4.991966298382386,0.3073594336320615,6,7.691669870129952e-12,0.9999999999999989
92,costs,2.5,1.0,0.0,2.0,mixed,steady,6.229936806018133e-05,432,optimal,7.212806740763966e-14,3.235406625084579,0,4.352514754320767e-12,0.011553993563176313,74.99399992621854,25.000000073360884,4.3525147543207673e-10,0.5999999985327823,0.0036365566190562073,89.11861628549245,4.99726542136934,0.30228139318662883,6,2.0395940985814995e-11,0.9999999999999989,1.7082262525076192e-14,0.01155399979311312,74.99400000567607,24.999999994321094,1.7082262525076192e-12,0.6000000001135782,0.0036355167272271796,89.18855241050939,5.002865216981552,0.3025115304520238,6,6.3929375397249905e-12,0.9999999999999989
93,costs,2.5,1.0,0.0,2.0,mixed,manager_rotation,6.014391111877626e-05,432,optimal,3.180095076160683e-14,3.240695083979517,0,4.352514754320767e-12,0.011517807450315647,74.99399992621854,25.000000073360884,4.3525147543207673e-10,0.5999999985327823,1.5436166165683297e-09,89.11861628549245,4.99726542136934,0.30228139318662883,6,2.7518773403696808e-11,0.9999999999999989,3.57877247801619e-14,0.01151781346470676,74.99399999959785,25.000000000398664,3.57877247801619e-12,0.5999999999920267,1.2006032045569303e-09,89.18724300511373,5.002760351262612,0.30247451158577715,6,2.6345750188498267e-12,0.9999999999999989
94,costs,2.5,1.0,0.0,2.0,mixed,premium_rotation,0.021159788777709576,432,optimal,1.6492016086111505e-14,3.259122916031629,0,4.352514754320767e-12,0.010990484665896211,74.99399992621854,25.000000073360884,4.3525147543207673e-10,0.5999999985327823,0.13881562519917556,89.11861628549245,4.99726542136934,0.30228139318662883,6,-5.236162556258252e-13,0.9999999999999989,2.6834098636706327e-14,0.010992600644773982,79.28182262580603,20.71131963811891,2.6834098636706327e-12,0.6857736072376218,0.05745838710716862,89.11024150217082,4.994889963128079,0.3068817216562834,6,1.3753227165997739e-12,0.9999999999999989
95,costs,2.5,1.0,0.0,2.0,mixed,premium_reverse,3.6285858918266856e-05,432,optimal,1.1787966436305197e-13,3.245621375273913,0,4.352514754320767e-12,0.01231360898831278,74.99399992621854,25.000000073360884,4.3525147543207673e-10,0.5999999985327823,0.00720890885630534,89.11861628549245,4.99726542136934,0.30228139318662883,6,3.716942511665594e-12,0.9999999999999989,2.537085938471989e-14,0.012313612616898673,74.99399999674795,25.000000003250122,2.537085938471989e-12,0.5999999999390988,0.007208351475749504,89.17167168318059,5.001513270544352,0.3024556915853146,6,1.119480534710719e-11,0.9999999999999989
96,costs,2.5,1.0,20.0,2.0,cash,steady,0.0009277129785559279,432,optimal,1.07780104285915e-13,3.318195166066289,0,2.7221855412179474e-13,0.010753049946323768,1.3656597831971936e-09,99.98000399780483,2.7221855412179474e-11,1.9996000802292282,0.02452988736943486,84.9690198082898,4.923937304567663,0.5047837640848847,3,-4.787393807289314e-12,0.9999999999999989,2.315925771469163e-13,0.010753142717621624,4.4925059007932345e-09,99.98000399467641,2.3159257714691628e-11,1.9996000807920296,0.02433519834733118,84.76926747728807,4.9077224414240295,0.5023598153305865,3,2.7484424309468132e-12,0.9999999999999989
97,costs,2.5,1.0,20.0,2.0,cash,manager_rotation,0.0009277124283016414,432,optimal,1.6172826966531773e-13,3.296328582800925,0,2.7221855412179474e-13,0.010753049946322611,1.3656597831971936e-09,99.98000399780483,2.7221855412179474e-11,1.9996000802292282,0.0245298873932716,84.9690198082898,4.923937304567663,0.5047837640848847,3,-4.748415118047501e-12,0.9999999999999989,3.486165620503884e-13,0.010753142717565441,4.974638518308566e-09,99.98000399418171,3.486165620503884e-11,1.9996000808785621,0.024335199454744005,84.76926748293882,4.907722441882596,0.5023598154174552,3,4.40221929141069e-12,0.9999999999999989
98,costs,2.5,1.0,20.0,2.0,cash,premium_rotation,0.04037191900741963,432,optimal,2.4688757982449516e-13,3.3429352501407266,0,2.7221855412179474e-13,0.010118688455196888,1.3656597831971936e-09,99.98000399780483,2.7221855412179474e-11,1.9996000802292282,0.37246671764129485,84.9690198082898,4.923937304567663,0.5047837640848847,3,1.0058710524121599e-12,0.9999999999999989,6.974853908412598e-13,0.01012272564709763,1.4631176338463886e-08,99.98000398447292,6.974853908412598e-11,1.9996000826156937,0.29137269624306966,83.15375720232585,4.77747279221051,0.48310547144174765,3,8.140056309881374e-12,0.9999999999999989
99,costs,2.5,1.0,20.0,2.0,cash,premium_reverse,0.041846706016895885,432,optimal,1.419992595730335e-13,3.3135463329963386,0,2.7221855412179474e-13,0.011533003175269535,1.3656597831971936e-09,99.98000399780483,2.7221855412179474e-11,1.9996000802292282,0.33203097543848636,84.9690198082898,4.923937304567663,0.5047837640848847,3,-1.5686050770108083e-12,0.9999999999999989,7.19735461008654e-12,0.011537187845871225,4.771787403922722e-09,99.98000399370011,7.19735461008654e-10,1.9996000808364311,0.25332855176094776,86.78803761307674,5.0726290915176655,0.5262200916804557,3,9.646633643799196e-12,0.9999999999999989
100,costs,2.5,1.0,20.0,2.0,etfs,steady,0.030175081266112236,432,optimal,1.1405806854547507e-13,3.254089292138815,0,2.771290548387803e-13,0.010866308766430965,8.922822427371423e-10,99.99336523233056,2.771290548387803e-11,0.663476674943546,0.03127146604833922,82.75747944588178,4.75028923962124,0.4991693279546677,3,-2.934520634016493e-12,0.9999999999999989,3.4503208124793405e-13,0.010869326274557577,5.16101323502921e-09,99.9923765133071,3.4503208124793405e-11,0.76234814973872,0.025328768999626904,83.58991397582814,4.8141419670051135,0.5014768584019917,3,3.789830111109525e-12,0.9999999999999989
101,costs,2.5,1.0,20.0,2.0,etfs,manager_rotation,0.03017507794172286,432,optimal,2.4408253196384067e-13,3.2587716672569513,0,2.771290548387803e-13,0.010866308766422094,8.922822427371423e-10,99.99336523233056,2.771290548387803e-11,0.663476674943546,0.031271466321554225,82.75747944588178,4.75028923962124,0.4991693279546677,3,-2.934301989073855e-12,0.9999999999999989,9.739368599798182e-13,0.010869326274216266,6.35588801639995e-09,99.99237651211443,9.739368599798182e-11,0.76234814322735,0.025328784508992612,83.58991384545496,4.8141419565077985,0.5014768570294049,3,6.392118984418876e-12,0.9999999999999989
102,costs,2.5,1.0,20.0,2.0,etfs,premium_rotation,0.04041217443163936,432,optimal,2.0935683742173694e-13,3.307234749663621,0,2.771290548387803e-13,0.010244232968596997,8.922822427371423e-10,99.99336523233056,2.771290548387803e-11,0.663476674943546,0.3297748231615189,82.75747944588178,4.75028923962124,0.4991693279546677,3,-2.6592599542260432e-12,0.9999999999999989,4.039931610815353e-12,0.01024827418604016,1.0097733500722622e-08,99.99379886845726,4.039931610815353e-10,0.6201121041008413,0.23917294202249728,81.03642460144499,4.610941667054835,0.4759285196120248,3,1.0057186538622943e-11,0.9999999999999989
103,costs,2.5,1.0,20.0,2.0,etfs,premium_reverse,0.05664050999849152,432,optimal,2.2740490046579964e-14,3.2834917083382607,0,2.771290548387803e-13,0.011641692452723736,8.922822427371423e-10,99.99336523233056,2.771290548387803e-11,0.663476674943546,0.418098415729375,82.75747944588178,4.75028923962124,0.4991693279546677,3,5.887563860377219e-13,0.9999999999999989,-1.3583887703907949e-14,0.011647356503723585,9.46188514198269e-10,99.99197920113998,-1.3583887703907949e-12,0.8020797915179071,0.3309504185084893,84.7692312904764,4.910387141935812,0.5162533610998907,3,7.289249499137229e-13,0.9999999999999989
104,costs,2.5,1.0,20.0,2.0,funds,steady,0.6507002285169663,432,optimal,5.672545766444159e-15,3.320065415930003,0,1.7698088003795243e-13,0.011104496911607923,94.57399388210919,5.414071291377734,1.7698088003795243e-11,1.1934826495386899,0.11045175239176534,78.82477855753956,4.276608718534354,0.16666666666999094,7,-1.4153622018070019e-11,0.9999999999999989,1.6274611866484712e-13,0.01116956693445962,88.37231925005584,11.602104967434505,1.6274611866484712e-11,2.5575782493375256,0.012521084609756738,83.86304705450918,4.635765497050267,0.16666666666666677,7,1.254924678441901e-13,0.9999999999999989
105,costs,2.5,1.0,20.0,2.0,funds,manager_rotation,0.6217260016894676,432,optimal,3.072889165345316e-13,3.340469916816801,0,1.7698088003795243e-13,0.01110152940922931,94.57399388210919,5.414071291377734,1.7698088003795243e-11,1.1934826495386899,0.09640899233171088,78.82477855753956,4.276608718534354,0.16666666666999094,7,-1.1860313268020651e-11,0.9999999999999989,5.443728421598154e-12,0.011163702009398258,88.52214013528021,11.452613621721628,5.443728421598154e-10,2.52462424537839,0.01280385644549354,83.74133189080592,4.626751116372813,0.16666666666664723,7,9.207920131937015e-12,0.9999999999999989
106,costs,2.5,1.0,20.0,2.0,funds,premium_rotation,0.011696829107458312,432,optimal,7.740336149808513e-15,3.2925557079724967,0,1.7698088003795243e-13,0.010666045840992055,94.57399388210919,5.414071291377734,1.7698088003795243e-11,1.1934826495386899,0.00629446437592129,78.82477855753956,4.276608718534354,0.16666666666999094,7,-3.86221933657692e-13,0.9999999999999989,1.4931434452573888e-13,0.0106672155239028,93.72488391250913,6.261313592582435,1.493143445257389e-11,1.3802494893498216,0.010277576329936304,79.51459933396742,4.323971469916683,0.16666666666666094,7,2.519340294785642e-13,0.9999999999999989
107,costs,2.5,1.0,20.0,2.0,funds,premium_reverse,1.36835377549863,432,optimal,1.9506965487359196e-14,3.3272259579971433,0,1.7698088003795243e-13,0.011641920467935826,94.57399388210919,5.414071291377734,1.7698088003795243e-11,1.1934826495386899,2.3200276636129855,78.82477855753956,4.276608718534354,0.16666666666999094,7,-7.91287554143677e-13,0.9999999999999989,1.3528959853445488e-12,0.011778755845485689,83.33333326021116,16.630007404693036,1.3528959853445488e-10,3.6659334960516556,0.1180769080114138,87.95674204603145,4.9473642015012596,0.16666666666666732,6,1.506933412689232e-12,0.9999999999999989
108,costs,2.5,1.0,20.0,2.0,mixed,steady,0.01342233029593548,432,optimal,1.4165751904826607e-14,3.4099476668052375,0,-1.0444710180567644e-12,0.01129266751387761,39.99999999996912,59.99743688129626,-1.0444710180567644e-10,0.25631188390677195,0.025730942817199585,85.45105547255491,4.815170577395196,0.3390651545624872,9,-2.7238983207888978e-12,0.9999999999999989,1.1917041030200248e-11,0.011294009746907203,40.00000000000391,59.996882803261386,1.1917041030200248e-09,0.31171955430095366,0.022495323048490563,86.2063897840446,4.874286921843986,0.34509333276290755,9,3.8131219644473024e-13,0.9999999999999989
109,costs,2.5,1.0,20.0,2.0,mixed,manager_rotation,0.013422325792489254,432,optimal,2.2446627889749493e-13,3.375547541305423,0,-1.0444710180567644e-12,0.011272447138878313,39.99999999996912,59.99743688129626,-1.0444710180567644e-10,0.25631188390677195,0.025730942650491462,85.45105547255491,4.815170577395196,0.3390651545624872,9,-2.86971756913168e-12,0.9999999999999989,2.1521291151092858e-14,0.011273789371457562,40.00000000006707,59.9968828081948,2.152129115109286e-12,0.31171917359965434,0.02249604910425023,86.20638131025474,4.874286246092723,0.3450932375010396,9,5.977018034154791e-12,0.9999999999999989
110,costs,2.5,1.0,20.0,2.0,mixed,premium_rotation,0.037669947611628646,432,optimal,2.4598378889351125e-14,3.4057564581744373,0,-1.0444710180567644e-12,0.010675020916943213,39.99999999996912,59.99743688129626,-1.0444710180567644e-10,0.25631188390677195,0.31639128302702235,85.45105547255491,4.815170577395196,0.3390651545624872,9,-8.979839496991992e-13,0.9999999999999989,4.021956379052227e-15,0.010678787911704376,40.00000000002895,59.99823711588606,4.021956379052227e-13,0.17628840845894217,0.23798536167508133,83.67112136709619,4.67495727687834,0.31906328767330133,9,5.260841942633652e-13,0.9999999999999989
111,costs,2.5,1.0,20.0,2.0,mixed,premium_reverse,0.04577107513427381,432,optimal,9.2821583752567e-14,3.421071791090071,0,-1.0444710180567644e-12,0.012047880381861095,39.99999999996912,59.99743688129626,-1.0444710180567644e-10,0.25631188390677195,0.3429283183466392,85.45105547255491,4.815170577395196,0.3390651545624872,9,-1.563015179523869e-12,0.9999999999999989,-7.293070905219426e-14,0.012052457489374523,40.00000000001424,59.99656514870993,-7.293070905219426e-12,0.3434851283126999,0.2573757532606015,87.39001948513035,4.9701160629289785,0.3608541077541798,9,2.1263647716511166e-12,0.9999999999999989
112,costs,2.5,1.0,5.0,0.0,cash,steady,1.2209444550912927,432,optimal,1.770042445947695e-13,3.4743816247209907,0,8.227419261283217e-13,0.01111846842348832,21.249774435125865,78.7396006775743,8.227419261283217e-11,1.0624887217562935,0.15605721968854885,86.69166413991184,4.957719418482303,0.432380120275315,5,1.1233881921595777e-12,0.9999999999999989,1.1617982509197489e-12,0.01124056286899745,67.09080686378879,32.875647732663126,1.1617982509197489e-10,3.35454034318944,0.02110644411239453,89.30697412759464,5.024166740031768,0.3265388282699414,6,7.744047885452831e-12,0.9999999999999989
113,costs,2.5,1.0,5.0,0.0,cash,manager_rotation,1.0387965219917952,432,optimal,5.4104290492240636e-14,3.42821504175663,0,8.227419261283217e-13,0.011091684669383395,21.249774435125865,78.7396006775743,8.227419261283217e-11,1.0624887217562935,0.6654585082539579,86.69166413991184,4.957719418482303,0.432380120275315,5,3.787236705341847e-13,0.9999999999999989,1.089314998880403e-12,0.011195564321582575,63.82386161277337,36.14422645631131,1.089314998880403e-10,3.191193080638669,0.025916701547768848,89.00769990447077,5.013107404792676,0.34138827838534236,7,3.0481354778828882e-12,0.9999999999999989
114,costs,2.5,1.0,5.0,0.0,cash,premium_rotation,1.3440968782473146,432,optimal,6.445365074991827e-14,3.233524292241782,0,8.227419261283217e-13,0.010526168752995925,21.249774435125865,78.7396006775743,8.227419261283217e-11,1.0624887217562935,0.24640679891172956,86.69166413991184,4.957719418482303,0.432380120275315,5,1.3538647335381918e-13,0.9999999999999989,-2.48470948677193e-14,0.010660578440820656,68.00627005671528,31.95972680825886,-2.48470948677193e-12,3.4003135028357643,0.04095154065930286,88.66337861938202,4.971393477448475,0.3195972680794652,6,2.8762649456858247e-12,0.9999999999999989
115,costs,2.5,1.0,5.0,0.0,cash,premium_reverse,0.9021696722929379,432,optimal,2.4842974899463854e-14,3.298375125043094,0,8.227419261283217e-13,0.011929039478431748,21.249774435125865,78.7396006775743,8.227419261283217e-11,1.0624887217562935,0.12339530757088002,86.69166413991184,4.957719418482303,0.432380120275315,5,9.63203628815115e-13,0.9999999999999989,7.460437432757483e-13,0.012019256445661042,56.71340342961428,43.2582398685963,7.460437432757483e-11,2.8356701714807144,0.020365200949641976,89.26056051541732,5.049623976844191,0.32964383483821624,8,1.6372850950995173e-12,0.9999999999999989
116,costs,2.5,1.0,5.0,0.0,etfs,steady,1.2209444697406333,432,optimal,1.360456886034811e-13,3.360995667055249,0,1.6625292993417001e-13,0.011118468422063139,21.24977412918731,78.73960098373148,1.6625292993417e-11,1.0624887064593656,0.1560571124086098,86.69166412181364,4.957719418249231,0.43238012047294994,5,3.4537145346858096e-13,0.9999999999999989,7.543073153939983e-13,0.011240562869037202,67.09080978115185,32.87564481388214,7.543073153939983e-11,3.354540489057593,0.021106442224066463,89.30697411596933,5.024166732794879,0.3265388274865793,6,5.899965151173357e-12,0.9999999999999989
117,costs,2.5,1.0,5.0,0.0,etfs,manager_rotation,1.03879653652,432,optimal,7.538240864857215e-14,3.300949583761394,0,1.6625292993417001e-13,0.011091684667908856,21.24977412918731,78.73960098373148,1.6625292993417e-11,1.0624887064593656,0.6654585221194599,86.69166412181364,4.957719418249231,0.43238012047294994,5,2.2320986476243726e-13,0.9999999999999989,8.214199719719373e-13,0.011195564321560856,63.82386157881129,36.14422649031715,8.214199719719373e-11,3.191193078940565,0.025916702226483564,89.00769990929737,5.013107405251473,0.34138827838906194,7,3.656442526143652e-12,0.9999999999999989
118,costs,2.5,1.0,5.0,0.0,etfs,premium_rotation,1.3440968932531236,432,optimal,8.531370054853937e-15,3.343518041074276,0,1.6625292993417001e-13,0.010526168751539021,21.24977412918731,78.73960098373148,1.6625292993417e-11,1.0624887064593656,0.24640680146299607,86.69166412181364,4.957719418249231,0.43238012047294994,5,1.0655036321836637e-13,0.9999999999999989,2.165043318236304e-15,0.010660578440864333,68.0062700644579,31.959726800509657,2.1650433182363038e-13,3.400313503222895,0.040951534498954216,88.66337862008393,4.97139347748243,0.31959726800053107,6,3.996491407219475e-13,0.9999999999999989
119,costs,2.5,1.0,5.0,0.0,etfs,premium_reverse,0.9021696861253106,432,optimal,3.349057142720824e-14,3.3231447907164693,0,1.6625292993417001e-13,0.011929039477040184,21.24977412918731,78.73960098373148,1.6625292993417e-11,1.0624887064593656,0.12339530094404881,86.69166412181364,4.957719418249231,0.43238012047294994,5,5.203678662703124e-13,0.9999999999999989,7.118767381131264e-13,0.012019256445652715,56.7134034957558,43.25823980242512,7.118767381131264e-11,2.8356701747877904,0.02036520159994398,89.26056052140416,5.049623977065505,0.32964383497258914,8,1.9445709961967567e-12,0.9999999999999989
120,costs,2.5,1.0,5.0,0.0,funds,steady,0.14515957093270623,432,optimal,3.580816199111325e-14,3.4109628750011325,0,3.6016816699208087e-13,0.011417056975907957,83.93982893313367,16.05214098129576,3.601681669920809e-11,0.803008553454286,0.049914749739187,86.938045309815,4.8649640479639675,0.1666666666760294,7,-4.7575163413297004e-12,0.9999999999999989,-1.3111663447681887e-15,0.011431572933001228,80.35349619706862,19.63480092914637,-1.3111663447681887e-13,1.170287378513622,0.021605538052072232,87.25667084922527,4.86980917878584,0.1963480092912476,6,1.4740098806922996e-12,0.9999999999999989
121,costs,2.5,1.0,5.0,0.0,funds,manager_rotation,0.05660308168101494,432,optimal,1.983205266675725e-13,3.430353666190058,0,3.6016816699208087e-13,0.011407379393535295,83.93982893313367,16.05214098129576,3.601681669920809e-11,0.803008553454286,0.03188645859123032,86.938045309815,4.8649640479639675,0.1666666666760294,7,-1.2617995569837864e-11,0.9999999999999989,1.8353211745508746e-14,0.011413039701703397,81.07132560135236,18.918503269185244,1.8353211745508746e-12,1.0171129460560937,0.01888074355703938,87.65651377387678,4.909749535031925,0.18918503268982886,6,7.2145316454340185e-12,0.9999999999999989
122,costs,2.5,1.0,5.0,0.0,funds,premium_rotation,0.10645569170880664,432,optimal,1.58865975929956e-14,3.450153375044465,0,3.6016816699208087e-13,0.01085887205466568,83.93982893313367,16.05214098129576,3.601681669920809e-11,0.803008553454286,0.0577623620536616,86.938045309815,4.8649640479639675,0.1666666666760294,7,5.1168738571336775e-14,0.9999999999999989,-3.0041073795228357e-15,0.010869517623836561,81.76477442572123,18.22409764228564,-3.0041073795228357e-13,1.1127931993425892,0.0366247988365855,86.26871337470669,4.792857031695657,0.18676985872953175,6,6.63140115059647e-13,0.9999999999999989
123,costs,2.5,1.0,5.0,0.0,funds,premium_reverse,0.1645587335685067,432,optimal,1.6036304228972398e-13,3.3783982088789344,0,3.6016816699208087e-13,0.012135727637848941,83.93982893313367,16.05214098129576,3.601681669920809e-11,0.803008553454286,0.5274701668132297,86.938045309815,4.8649640479639675,0.1666666666760294,7,5.39111534277395e-14,0.9999999999999989,-3.802287532137655e-14,0.012152183511205792,78.58467532167333,21.403221254420274,-3.802287532137655e-12,1.2103423910195115,0.3863761211765876,88.50674345446701,4.971164950783378,0.2140322116937397,6,7.279767622590284e-12,0.9999999999999989
124,costs,2.5,1.0,5.0,0.0,mixed,steady,0.5156932394137157,432,optimal,4.317726731706273e-13,3.331427125260234,0,1.6583139653407897e-12,0.011366714777734818,44.62080165997938,55.37688793902481,1.6583139653407897e-10,0.23104008299896858,0.09364285886238902,87.98662134791934,4.994585040849006,0.34607009339105266,8,3.6003516167742117e-14,0.9999999999999989,-2.860013929243538e-13,0.011418284101676189,68.19389468963948,31.79200836304431,-2.8600139292435378e-11,1.4096947344820994,0.02063123076451931,89.02123650342122,5.008204084242005,0.3179200757617605,7,1.548243660148352e-11,0.9999999999999989
125,costs,2.5,1.0,5.0,0.0,mixed,manager_rotation,0.37251932437231894,432,optimal,4.423024446698065e-14,3.3225744171068072,0,1.6583139653407897e-12,0.011340138265199572,44.62080165997938,55.37688793902481,1.6583139653407897e-10,0.23104008299896858,0.2383974953081534,87.98662134791934,4.994585040849006,0.34607009339105266,8,4.978841622159001e-14,0.9999999999999989,-3.9666620682554665e-15,0.011377390197636804,65.48978340952365,34.49747169877199,-3.9666620682554665e-13,1.2744891704761825,0.027529015096150564,88.76816955602382,4.999142148400073,0.333394925676966,8,1.871072453197382e-12,0.9999999999999989
126,costs,2.5,1.0,5.0,0.0,mixed,premium_rotation,0.5951664574805824,432,optimal,4.436034872767891e-14,3.3576744166202843,0,1.6583139653407897e-12,0.010778068353810198,44.62080165997938,55.37688793902481,1.6583139653407897e-10,0.23104008299896858,0.14406174320451362,87.98662134791934,4.994585040849006,0.34607009339105266,8,3.19943377618138e-14,0.9999999999999989,-1.4805566711864615e-14,0.010837584999558256,68.88970302148903,31.09585212700172,-1.4805566711864615e-12,1.4444851510744612,0.04086506146071062,88.27103195391409,4.947307797717455,0.31095852126828166,7,2.1401235781367404e-12,0.9999999999999989
127,costs,2.5,1.0,5.0,0.0,mixed,premium_reverse,0.3623064088772651,432,optimal,7.806255641895632e-15,3.34746270859614,0,1.6583139653407897e-12,0.012152048276084931,44.62080165997938,55.37688793902481,1.6583139653407897e-10,0.23104008299896858,0.07753484544527899,87.98662134791934,4.994585040849006,0.34607009339105266,8,6.648544223302431e-14,0.9999999999999989,-1.7797178661349555e-15,0.012188278916972658,58.829370074307676,41.16121524065535,-1.7797178661349555e-13,0.9414685037154372,0.043330810333806154,89.16105644813142,5.043714097982216,0.32037616604992303,8,3.3300922105570716e-13,0.9999999999999989
128,costs,2.5,1.0,5.0,5.0,cash,steady,0.001269267557949677,432,optimal,1.7753160053146644e-14,3.292398292105645,0,4.319761779184028e-13,0.011105289091822384,79.48794916137956,20.462075826083506,4.319761779184028e-11,4.997501249373154,0.031435945692674015,89.00567657628872,4.987425689857527,0.3067942186456906,6,3.8550502925947334e-12,0.9999999999999989,3.1047213411294905e-15,0.011105416018578179,79.5607373610337,20.38928762647222,3.1047213411294905e-13,4.997501249375297,0.030948550077308824,88.78849326511383,4.970029234963308,0.30665370323221086,6,4.388075460718538e-13,0.9999999999999989
129,costs,2.5,1.0,5.0,5.0,cash,manager_rotation,0.15215221530199413,432,optimal,2.0611984341556422e-14,3.279336249921471,0,4.319761779184028e-13,0.011036501853539007,79.48794916137956,20.462075826083506,4.319761779184028e-11,4.997501249373154,0.037147182024986375,89.00567657628872,4.987425689857527,0.3067942186456906,6,-9.13780430566522e-13,0.9999999999999989,-8.780519714091106e-15,0.011051717075069207,77.9979428118466,21.952082175660532,-8.780519714091106e-13,4.997501249375356,0.03200639848940829,88.62418617131456,4.962848666446732,0.255378329828558,6,4.939386641128647e-13,0.9999999999999989
130,costs,2.5,1.0,5.0,5.0,cash,premium_rotation,0.23995312929325427,432,optimal,4.3798298321462426e-14,3.3292171671055257,0,4.319761779184028e-13,0.010482338403678846,79.48794916137956,20.462075826083506,4.319761779184028e-11,4.997501249373154,0.6077566681956681,89.00567657628872,4.987425689857527,0.3067942186456906,6,2.3403370373923336e-12,0.9999999999999989,2.0708034896219085e-12,0.010506333716608172,85.23285737558467,14.71716761171459,2.0708034896219085e-10,4.997501249366221,0.16136905345001534,85.13759626522202,4.685559726603178,0.3110950170408845,6,3.4636924845510555e-12,0.9999999999999989
131,costs,2.5,1.0,5.0,5.0,cash,premium_reverse,0.23139748378721986,432,optimal,3.805809833945517e-14,3.2743694582022727,0,4.319761779184028e-13,0.011797673067923287,79.48794916137956,20.462075826083506,4.319761779184028e-11,4.997501249373154,0.5118291278075634,89.00567657628872,4.987425689857527,0.3067942186456906,6,1.3186804118181136e-11,0.9999999999999989,8.991830717508531e-15,0.011820812816302009,73.96089292959245,25.989132057912904,8.991830717508531e-13,4.997501249375268,0.10621335850089735,92.67707603517326,5.288596191026987,0.3020366045044005,6,1.1122335284762322e-12,0.9999999999999989
132,costs,2.5,1.0,5.0,5.0,etfs,steady,0.4029206056625767,432,optimal,1.205632815803881e-14,3.367959416937083,0,2.934752376011762e-12,0.010941635344229653,16.96078953620016,83.02224118933002,2.934752376011762e-10,1.696927417634387,0.10617178764148966,82.84606546323349,4.683066915069134,0.3333333333624213,6,2.0078406002624913e-12,0.9999999999999989,7.212254881858171e-13,0.010981927404795911,30.047979320187896,69.92195766891433,7.212254881858171e-11,3.0063010825643093,0.0574344807055645,86.17351830064948,4.888608652150303,0.3333333333329229,6,4.4614157745752336e-13,0.9999999999999989
133,costs,2.5,1.0,5.0,5.0,etfs,manager_rotation,0.31333839529749247,432,optimal,1.2665389570454266e-13,3.3396715843118727,0,2.934752376011762e-12,0.010919679612656236,16.96078953620016,83.02224118933002,2.934752376011762e-10,1.696927417634387,0.16139999567516813,82.84606546323349,4.683066915069134,0.3333333333624213,6,3.1155509351869434e-12,0.9999999999999989,1.7348678374960735e-12,0.010951013452185986,28.442616337973686,71.52892681709237,1.7348678374960735e-10,2.8456844760443296,0.07375032299652563,85.75971415296553,4.867160387470982,0.33333333332159504,7,4.421231112394241e-12,0.9999999999999989
134,costs,2.5,1.0,5.0,5.0,etfs,premium_rotation,0.27729687971701084,432,optimal,5.230017807722476e-14,3.3380674589425325,0,2.934752376011762e-12,0.010330925152107564,16.96078953620016,83.02224118933002,2.934752376011762e-10,1.696927417634387,0.6185678039326554,82.84606546323349,4.683066915069134,0.3333333333624213,6,8.419055925502905e-13,0.9999999999999989,1.3875626992884693e-12,0.010358654840079265,27.632249423226757,72.34010450417495,1.3875626992884693e-10,2.7646072459525897,0.45436524273641676,83.52536007057297,4.6851937125190135,0.3333333333326331,6,2.7637721209292653e-12,0.9999999999999989
135,costs,2.5,1.0,5.0,5.0,etfs,premium_reverse,0.554014108142039,432,optimal,9.695196034886777e-14,3.3827089169062674,0,2.934752376011762e-12,0.011671610725031726,16.96078953620016,83.02224118933002,2.934752376011762e-10,1.696927417634387,0.987015056101291,82.84606546323349,4.683066915069134,0.3333333333624213,6,6.115982422111657e-12,0.9999999999999989,8.104628079763643e-13,0.01172701213584593,32.22769366100036,67.74006252334976,8.104628079763643e-11,3.224381556883038,0.4671982103159801,88.55604531116319,5.075323616006536,0.3333333333329709,6,3.4101412828540373e-12,0.9999999999999989
136,costs,2.5,1.0,5.0,5.0,funds,steady,0.22080666860473802,432,optimal,3.1677785394812474e-14,3.207345124799758,0,2.091051209138564e-12,0.01132386398552138,90.3393960186442,9.648236025572528,2.091051209138564e-10,1.236795557416957,0.08252593426560595,84.8126204437551,4.708446248467972,0.19380202177488426,7,2.2761083058708763e-12,0.9999999999999989,-3.025100244087586e-14,0.011345944652381854,87.64889664419566,12.333401272720455,-3.0251002440875863e-12,1.7702083086902243,0.03944625930638329,86.60536952446611,4.8262183995814185,0.19981655292461128,6,7.872464277149625e-13,0.9999999999999989
137,costs,2.5,1.0,5.0,5.0,funds,manager_rotation,0.17593331905799495,432,optimal,1.8215984276537256e-13,3.2757079172879457,0,2.091051209138564e-12,0.01131115400020724,90.3393960186442,9.648236025572528,2.091051209138564e-10,1.236795557416957,0.06381782996520613,84.8126204437551,4.708446248467972,0.19380202177488426,7,1.292201454311225e-12,0.9999999999999989,-7.050840488721788e-14,0.01132874733211304,85.76290453641123,14.220437126252367,-7.050840488721788e-12,1.665833734344476,0.03599446559893136,86.78985322298675,4.847033074080124,0.19096237715112505,6,4.750777821539796e-12,0.9999999999999989
138,costs,2.5,1.0,5.0,5.0,funds,premium_rotation,0.14427470967911388,432,optimal,5.982714323948812e-14,3.2641883748583496,0,2.091051209138564e-12,0.010772665244343824,90.3393960186442,9.648236025572528,2.091051209138564e-10,1.236795557416957,0.4740166371492693,84.8126204437551,4.708446248467972,0.19380202177488426,7,-1.6089931578928962e-13,0.9999999999999989,7.312115865056035e-13,0.010787092715311735,93.23571966079666,6.750286765965885,7.312115865056035e-11,1.3993573164317774,0.22257159066676335,83.60744519825468,4.604048889452552,0.21701958986698908,7,2.5969054139703663e-12,0.9999999999999989
139,costs,2.5,1.0,5.0,5.0,funds,premium_reverse,0.3297152314273022,432,optimal,8.52963533137796e-14,3.2220307500101626,0,2.091051209138564e-12,0.011990967988441618,90.3393960186442,9.648236025572528,2.091051209138564e-10,1.236795557416957,0.9992627279173575,84.8126204437551,4.708446248467972,0.19380202177488426,7,4.852139306663061e-12,0.9999999999999989,2.294152823441309e-14,0.012023939511584349,83.98833122559729,15.991407731509167,2.294152823441309e-12,2.026104289124749,0.5220772026504499,88.83120241884633,5.001987537579362,0.19381491897285547,6,2.671937784958292e-12,0.9999999999999989
140,costs,2.5,1.0,5.0,5.0,mixed,steady,0.3311028338256333,432,optimal,1.1220191442617988e-14,3.336300792172551,0,7.375455362548453e-14,0.011280218197952947,46.40098701250171,53.59511004900873,7.375455362548453e-12,0.39029384821842933,0.10172811845167086,83.72971554728859,4.670374683135765,0.25000000000262823,9,3.20466445264192e-15,0.9999999999999989,-3.9965996007432225e-15,0.01131332848133551,53.410295234146645,46.57878901274306,-3.9965996007432225e-13,1.091575311070179,0.03532529106094939,86.66728675715592,4.872069786351172,0.24999999999997938,9,3.287683710342937e-13,0.9999999999999989
141,costs,2.5,1.0,5.0,5.0,mixed,manager_rotation,0.27222028816869387,432,optimal,2.7941191027558432e-14,3.3228152501396835,0,7.375455362548453e-14,0.01125002484468195,46.40098701250171,53.59511004900873,7.375455362548453e-12,0.39029384821842933,0.13945116074763578,83.72971554728859,4.670374683135765,0.25000000000262823,9,2.2047285058810623e-15,0.9999999999999989,-1.894102550584892e-14,0.01127724687349882,52.86487639660958,47.124753541964836,-1.894102550584892e-12,1.037006142748493,0.05267084483371878,86.31707906247208,4.850140057789667,0.25000000000162553,9,5.882498400064731e-13,0.9999999999999989
142,costs,2.5,1.0,5.0,5.0,mixed,premium_rotation,0.23368274923749738,432,optimal,2.4768381789996852e-14,3.307179749943316,0,7.375455362548453e-14,0.010682188236652096,46.40098701250171,53.59511004900873,7.375455362548453e-12,0.39029384821842933,0.4887090074069696,83.72971554728859,4.670374683135765,0.25000000000262823,9,3.173616968180082e-14,0.9999999999999989,-4.35269225176893e-15,0.010705556511575846,49.879512568768135,50.113104227061456,-4.3526922517689304e-13,0.7383204170854425,0.2757758031357767,83.30379191094303,4.615599942791588,0.25000000000000017,9,6.976846075694432e-13,0.9999999999999989
143,costs,2.5,1.0,5.0,5.0,mixed,premium_reverse,0.405455612910513,432,optimal,1.775784380653178e-13,3.3186421249993145,0,7.375455362548453e-14,0.011987355436175736,46.40098701250171,53.59511004900873,7.375455362548453e-12,0.39029384821842933,0.8965210970667783,83.72971554728859,4.670374683135765,0.25000000000262823,9,-1.2344506384980025e-13,0.9999999999999989,1.2642610482810346e-14,0.012027900997466787,55.06545204141047,44.9219762206773,1.2642610482810346e-12,1.2571737910960923,0.4226087420419992,88.84307832487491,5.04495121355287,0.2500000000006496,8,5.558191168604509e-12,0.9999999999999989
