case_id,scenario,gamma,uncertainty,alpha_offset_bp,fund_bp,etf_bp,gain_bp,gain_minus_control_bp
0,unchanged,2.5,0.5,0,5.0,2.0,-2.551928446337115e-09,0.0
1,premium_down_persistent,2.5,0.5,0,5.0,2.0,0.06397175215464301,0.06397175470657146
2,premium_up_persistent,2.5,0.5,0,5.0,2.0,0.03657125847115594,0.03657126102308439
3,premium_down_reverting,2.5,0.5,0,5.0,2.0,0.01538346882526298,0.015383471377191427
4,premium_up_reverting,2.5,0.5,0,5.0,2.0,0.0030882466404023035,0.00308824919233075
5,alpha_up,2.5,0.5,0,5.0,2.0,0.0443569636266119,0.04435696617854035
6,alpha_down,2.5,0.5,0,5.0,2.0,0.058758146824445134,0.05875814937637358
7,anticipated_down,2.5,0.5,0,5.0,2.0,-1.8725359041127376e-09,6.793925422243774e-10
8,anticipated_up,2.5,0.5,0,5.0,2.0,4.875317927144351e-10,3.03946023905155e-09
9,unchanged,2.5,1.0,0,5.0,2.0,3.4924596548080444e-10,0.0
10,premium_down_persistent,2.5,1.0,0,5.0,2.0,0.05950060226456344,0.059500601915317475
11,premium_up_persistent,2.5,1.0,0,5.0,2.0,0.03577015523848104,0.03577015488923507
12,premium_down_reverting,2.5,1.0,0,5.0,2.0,0.014687108057671594,0.014687107708425629
13,premium_up_reverting,2.5,1.0,0,5.0,2.0,0.003323494795466786,0.0033234944462208205
14,alpha_up,2.5,1.0,0,5.0,2.0,0.04607402143956563,0.04607402109031966
15,alpha_down,2.5,1.0,0,5.0,2.0,0.058713249731056294,0.05871324938181033
16,anticipated_down,2.5,1.0,0,5.0,2.0,-1.89874072020757e-09,-2.2479866856883746e-09
17,anticipated_up,2.5,1.0,0,5.0,2.0,-1.101184921026288e-09,-1.4504308865070925e-09
18,unchanged,2.5,2.0,0,5.0,2.0,-4.039335976813163e-09,0.0
19,premium_down_persistent,2.5,2.0,0,5.0,2.0,0.027314439404847235,0.027314443444183212
20,premium_up_persistent,2.5,2.0,0,5.0,2.0,0.025647852466534005,0.02564785650586998
21,premium_down_reverting,2.5,2.0,0,5.0,2.0,0.004227198564620949,0.0042272026039569255
22,premium_up_reverting,2.5,2.0,0,5.0,2.0,0.003386194234053619,0.0033861982733895957
23,alpha_up,2.5,2.0,0,5.0,2.0,0.03692068943126969,0.03692069347060567
24,alpha_down,2.5,2.0,0,5.0,2.0,0.038620662035768305,0.03862066607510428
25,anticipated_down,2.5,2.0,0,5.0,2.0,-2.96206792427256e-09,1.077268052540603e-09
26,anticipated_up,2.5,2.0,0,5.0,2.0,4.128253294766182e-10,4.452161306289781e-09
27,unchanged,2.0,1.0,0,5.0,2.0,-4.4866510506835766e-10,0.0
28,premium_down_persistent,2.0,1.0,0,5.0,2.0,0.07391201086053911,0.07391201130920422
29,premium_up_persistent,2.0,1.0,0,5.0,2.0,0.0719682448467438,0.0719682452954089
30,premium_down_reverting,2.0,1.0,0,5.0,2.0,0.017810621819307926,0.01781062226797303
31,premium_up_reverting,2.0,1.0,0,5.0,2.0,0.02227758856142259,0.022277589010087695
32,alpha_up,2.0,1.0,0,5.0,2.0,0.05805313948314961,0.05805313993181471
33,alpha_down,2.0,1.0,0,5.0,2.0,0.07327976261117897,0.07327976305984407
34,anticipated_down,2.0,1.0,0,5.0,2.0,-4.998796043764742e-09,-4.550130938696384e-09
35,anticipated_up,2.0,1.0,0,5.0,2.0,-2.2116637410363182e-09,-1.7629986359679606e-09
36,unchanged,3.0,1.0,0,5.0,2.0,-2.1235990743662114e-09,0.0
37,premium_down_persistent,3.0,1.0,0,5.0,2.0,0.18444433645242952,0.1844443385760286
38,premium_up_persistent,3.0,1.0,0,5.0,2.0,0.02973137487916233,0.029731377002761405
39,premium_down_reverting,3.0,1.0,0,5.0,2.0,0.14686278305735812,0.1468627851809572
40,premium_up_reverting,3.0,1.0,0,5.0,2.0,0.0026478612082740938,0.002647863331873168
41,alpha_up,3.0,1.0,0,5.0,2.0,0.0384662138701799,0.038466215993778974
42,alpha_down,3.0,1.0,0,5.0,2.0,0.04856629371715826,0.048566295840757334
43,anticipated_down,3.0,1.0,0,5.0,2.0,-2.0319248505984433e-09,9.167422376776813e-11
44,anticipated_up,3.0,1.0,0,5.0,2.0,-2.4716939606150845e-10,1.876429678304703e-09
45,unchanged,2.5,1.0,-5,5.0,2.0,3.7478287140402244e-10,0.0
46,premium_down_persistent,2.5,1.0,-5,5.0,2.0,0.02184282740122967,0.0218428270264468
47,premium_up_persistent,2.5,1.0,-5,5.0,2.0,0.009007729193527325,0.009007728818744454
48,premium_down_reverting,2.5,1.0,-5,5.0,2.0,0.000487472023621649,0.0004874716488387776
49,premium_up_reverting,2.5,1.0,-5,5.0,2.0,0.001720764752718651,0.0017207643779357795
50,alpha_up,2.5,1.0,-5,5.0,2.0,0.05061648454974943,0.05061648417496656
51,alpha_down,2.5,1.0,-5,5.0,2.0,0.053873020373742975,0.0538730199989601
52,anticipated_down,2.5,1.0,-5,5.0,2.0,-2.975440338559565e-09,-3.3502232099635876e-09
53,anticipated_up,2.5,1.0,-5,5.0,2.0,6.877786518089124e-08,6.840308230948722e-08
54,unchanged,2.5,1.0,0,0.0,0.0,5.982841153695517e-05,0.0
55,premium_down_persistent,2.5,1.0,0,0.0,0.0,4.66271872028301e-05,-1.3201224334125072e-05
56,premium_up_persistent,2.5,1.0,0,0.0,0.0,4.929899245098568e-05,-1.0529419085969494e-05
57,premium_down_reverting,2.5,1.0,0,0.0,0.0,4.451773861546826e-05,-1.5310672921486912e-05
58,premium_up_reverting,2.5,1.0,0,0.0,0.0,5.81113449698023e-05,-1.7170665671528695e-06
59,alpha_up,2.5,1.0,0,0.0,0.0,6.305658070004938e-05,3.2281691630942078e-06
60,alpha_down,2.5,1.0,0,0.0,0.0,5.841215073587591e-05,-1.416260801079261e-06
61,anticipated_down,2.5,1.0,0,0.0,0.0,7.630097789501633e-05,1.6472566358061158e-05
62,anticipated_up,2.5,1.0,0,0.0,0.0,3.5812357026543395e-05,-2.4016054510411777e-05
63,unchanged,2.5,1.0,0,0.0,2.0,6.129785653286035e-05,0.0
64,premium_down_persistent,2.5,1.0,0,0.0,2.0,0.04538845081866327,0.04532715296213041
65,premium_up_persistent,2.5,1.0,0,0.0,2.0,0.04189386763491143,0.04183256977837857
66,premium_down_reverting,2.5,1.0,0,0.0,2.0,0.026785606029719133,0.026724308173186273
67,premium_up_reverting,2.5,1.0,0,0.0,2.0,0.024110570661406427,0.024049272804873567
68,alpha_up,2.5,1.0,0,0.0,2.0,0.04538328501426747,0.04532198715773461
69,alpha_down,2.5,1.0,0,0.0,2.0,0.041770854583646155,0.041709556727113295
70,anticipated_down,2.5,1.0,0,0.0,2.0,7.809720548834775e-05,1.6799348955487403e-05
71,anticipated_up,2.5,1.0,0,0.0,2.0,3.5226102014007665e-05,-2.6071754518852686e-05
72,unchanged,2.5,1.0,0,20.0,2.0,-2.5749073984115967e-09,0.0
73,premium_down_persistent,2.5,1.0,0,20.0,2.0,0.020633871969650386,0.020633874544557784
74,premium_up_persistent,2.5,1.0,0,20.0,2.0,0.39172015945956673,0.39172016203447413
75,premium_down_reverting,2.5,1.0,0,20.0,2.0,0.0004876328820841991,0.0004876354569915975
76,premium_up_reverting,2.5,1.0,0,20.0,2.0,0.23273507492909573,0.23273507750400313
77,alpha_up,2.5,1.0,0,20.0,2.0,-1.2507541669037892e-09,1.3241532315078075e-09
78,alpha_down,2.5,1.0,0,20.0,2.0,-1.2131891935496242e-08,-9.556984537084645e-09
79,anticipated_down,2.5,1.0,0,20.0,2.0,1.0464589195180451e-09,3.621366317929642e-09
80,anticipated_up,2.5,1.0,0,20.0,2.0,-3.885119781443791e-09,-1.3102123830321943e-09
81,unchanged,2.5,1.0,0,5.0,0.0,-2.6927295948553365e-09,0.0
82,premium_down_persistent,2.5,1.0,0,5.0,0.0,0.19682846591017267,0.19682846860290226
83,premium_up_persistent,2.5,1.0,0,5.0,0.0,0.014828420781697105,0.0148284234744267
84,premium_down_reverting,2.5,1.0,0,5.0,0.0,0.15797374083825844,0.15797374353098803
85,premium_up_reverting,2.5,1.0,0,5.0,0.0,4.206870025313947e-05,4.2071392982734324e-05
86,alpha_up,2.5,1.0,0,5.0,0.0,0.13955132541218518,0.13955132810491477
87,alpha_down,2.5,1.0,0,5.0,0.0,0.16111917856581215,0.16111918125854174
88,anticipated_down,2.5,1.0,0,5.0,0.0,-2.7913813482882688e-09,-9.865175343293231e-11
89,anticipated_up,2.5,1.0,0,5.0,0.0,3.9870528212304635e-06,3.989745550825319e-06
90,unchanged,2.5,1.0,0,5.0,5.0,-4.093578809261089e-10,0.0
91,premium_down_persistent,2.5,1.0,0,5.0,5.0,0.12974694324780955,0.12974694365716744
92,premium_up_persistent,2.5,1.0,0,5.0,5.0,0.09058360235434293,0.09058360276370081
93,premium_down_reverting,2.5,1.0,0,5.0,5.0,0.05312718605929945,0.05312718646865733
94,premium_up_reverting,2.5,1.0,0,5.0,5.0,0.028358245047286346,0.028358245456644227
95,alpha_up,2.5,1.0,0,5.0,5.0,1.922160208778223e-10,6.015739018039312e-10
96,alpha_down,2.5,1.0,0,5.0,5.0,0.0005235251556143794,0.0005235255649722603
97,anticipated_down,2.5,1.0,0,5.0,5.0,-1.2998668807995273e-09,-8.905089998734184e-10
98,anticipated_up,2.5,1.0,0,5.0,5.0,-9.251408528143656e-10,-5.157829718882567e-10
99,unchanged,2.5,1.0,0,20.0,5.0,3.708038320837659e-10,0.0
100,premium_down_persistent,2.5,1.0,0,20.0,5.0,0.13934469563430696,0.13934469526350313
101,premium_up_persistent,2.5,1.0,0,20.0,5.0,0.2716247885646794,0.2716247881938756
102,premium_down_reverting,2.5,1.0,0,20.0,5.0,0.057187173267180924,0.05718717289637709
103,premium_up_reverting,2.5,1.0,0,20.0,5.0,0.14217871005837424,0.1421787096875704
104,alpha_up,2.5,1.0,0,20.0,5.0,-6.241123173822416e-10,-9.949161494660075e-10
105,alpha_down,2.5,1.0,0,20.0,5.0,8.151346264639869e-11,-2.892903694373672e-10
106,anticipated_down,2.5,1.0,0,20.0,5.0,8.05641775514232e-10,4.348379434304661e-10
107,anticipated_up,2.5,1.0,0,20.0,5.0,-2.1739197109127417e-09,-2.5447235429965076e-09
