index,regime,start,cash,unc,costmul,initial_wealth,myopic_exact,binding,policy,loss_wealth_bp,cost_today_wealth_bp,cost_tomorrow_wealth_bp,cost_total_wealth_bp
0,equity-style,"[0.0, 0.9]",1.0,1.0,0.2,1.9,False,False,dynamic,0.0,0.44983821436086674,0.023049050755879524,0.4728872651167463
0,equity-style,"[0.0, 0.9]",1.0,1.0,0.2,1.9,False,False,myopic,2.0970652571906144e-05,0.4493139463873302,0.023090992095401747,0.47240493848273196
0,equity-style,"[0.0, 0.9]",1.0,1.0,0.2,1.9,False,False,ef111,2.0970744676592594e-05,0.44931394637992583,0.023090992130646953,0.47240493851057275
1,equity-style,"[0.0, 0.9]",1.0,1.0,1.0,1.9,False,False,dynamic,0.0,0.44983821447844563,0.02304905092196243,0.472887265400408
1,equity-style,"[0.0, 0.9]",1.0,1.0,1.0,1.9,False,False,myopic,2.0970621543181232e-05,0.44931394645092426,0.02309099221015096,0.4724049386610752
1,equity-style,"[0.0, 0.9]",1.0,1.0,1.0,1.9,False,False,ef111,2.0970698902718137e-05,0.4493139464745829,0.023090992099132922,0.4724049385737158
2,equity-style,"[0.0, 0.9]",1.0,1.0,5.0,1.9,False,False,dynamic,0.0,0.44983821426879794,0.023049050647386847,0.47288726491618477
2,equity-style,"[0.0, 0.9]",1.0,1.0,5.0,1.9,False,False,myopic,2.0970714784568066e-05,0.44931394635934135,0.023090992202466066,0.4724049385618074
2,equity-style,"[0.0, 0.9]",1.0,1.0,5.0,1.9,False,False,ef111,2.0971324256836042e-05,0.4493139463705337,0.02309099260382087,0.47240493897435454
3,equity-style,"[0.0, 0.9]",1.0,3.0,0.2,1.9,False,False,dynamic,0.0,0.46558093346831564,0.42724591275048585,0.8928268462188014
3,equity-style,"[0.0, 0.9]",1.0,3.0,0.2,1.9,False,False,myopic,0.00011929004790089814,0.4643495531676847,0.4274844926730904,0.8918340458407752
3,equity-style,"[0.0, 0.9]",1.0,3.0,0.2,1.9,False,False,ef111,0.0017100026459656627,0.46434955316141874,0.42907520531011656,0.8934247584715351
4,equity-style,"[0.0, 0.9]",1.0,3.0,1.0,1.9,False,False,dynamic,0.0,0.46384111221685503,0.04139368956710396,0.505234801783959
4,equity-style,"[0.0, 0.9]",1.0,3.0,1.0,1.9,False,False,myopic,2.0337803001461035e-05,0.46434955322696975,0.0414343665033431,0.5057839197303129
4,equity-style,"[0.0, 0.9]",1.0,3.0,1.0,1.9,False,False,ef111,2.0337853194315296e-05,0.46434955324646837,0.041434364837835004,0.5057839180843033
5,equity-style,"[0.0, 0.9]",1.0,3.0,5.0,1.9,False,False,dynamic,0.0,0.46384111221814317,0.04139368929174541,0.5052348015098885
5,equity-style,"[0.0, 0.9]",1.0,3.0,5.0,1.9,False,False,myopic,2.033764174978382e-05,0.46434955314239146,0.04143436456785257,0.505783917710244
5,equity-style,"[0.0, 0.9]",1.0,3.0,5.0,1.9,False,False,ef111,2.0338393035695956e-05,0.4643495531516043,0.04143436531498666,0.505783918466591
6,equity-style,"[0.0, 0.9]",0.005,1.0,0.2,0.905,False,False,dynamic,0.0,0.9444117206130509,0.048390272132738714,0.9928019927457896
6,equity-style,"[0.0, 0.9]",0.005,1.0,0.2,0.905,False,False,myopic,4.4026980601373534e-05,0.943311047679806,0.04847832595459155,0.9917893736343976
6,equity-style,"[0.0, 0.9]",0.005,1.0,0.2,0.905,False,False,ef111,4.402731245109926e-05,0.9433110477343528,0.04847832587291412,0.991789373607267
7,equity-style,"[0.0, 0.9]",0.005,1.0,1.0,0.905,False,False,dynamic,0.0,0.9444117206088026,0.048390272124192994,0.9928019927329956
7,equity-style,"[0.0, 0.9]",0.005,1.0,1.0,0.905,False,False,myopic,4.402704138378395e-05,0.9433110477373975,0.04847832604463227,0.9917893737820297
7,equity-style,"[0.0, 0.9]",0.005,1.0,1.0,0.905,False,False,ef111,4.402714675146293e-05,0.9433110477516998,0.04847832634969474,0.9917893741013946
8,equity-style,"[0.0, 0.9]",0.005,1.0,5.0,0.905,False,False,dynamic,0.0,0.944411720946141,0.048390272619693586,0.9928019935658347
8,equity-style,"[0.0, 0.9]",0.005,1.0,5.0,0.905,False,False,myopic,4.402651992207343e-05,0.9433110476802863,0.04847832612816478,0.9917893738084511
8,equity-style,"[0.0, 0.9]",0.005,1.0,5.0,0.905,False,False,ef111,4.402733719726509e-05,0.943311047617633,0.04847832668952766,0.9917893743071607
9,equity-style,"[0.0, 0.9]",0.005,3.0,0.2,0.905,False,False,dynamic,0.0,0.977462733434841,0.8969803703055272,1.8744431037403682
9,equity-style,"[0.0, 0.9]",0.005,3.0,0.2,0.905,False,False,myopic,0.00025043906521364945,0.9748775149435187,0.897481255476202,1.8723587704197209
9,equity-style,"[0.0, 0.9]",0.005,3.0,0.2,0.905,False,False,ef111,0.0035900570334885676,0.9748775150060882,0.90082087324448,1.875698388250568
10,equity-style,"[0.0, 0.9]",0.005,3.0,1.0,0.905,False,False,dynamic,0.0,0.9738100698468267,0.08690387860374808,1.0607139484505748
10,equity-style,"[0.0, 0.9]",0.005,3.0,1.0,0.905,False,False,myopic,4.26979825901318e-05,0.974877514963899,0.08698927688586003,1.0618667918497589
10,equity-style,"[0.0, 0.9]",0.005,3.0,1.0,0.905,False,False,ef111,4.269800517028931e-05,0.9748775149793905,0.0869892743102669,1.0618667892896572
11,equity-style,"[0.0, 0.9]",0.005,3.0,5.0,0.905,False,False,dynamic,0.0,0.973810069882293,0.08690387816856562,1.0607139480508587
11,equity-style,"[0.0, 0.9]",0.005,3.0,5.0,0.905,False,False,myopic,4.269772021560208e-05,0.9748775149479544,0.08698927372324307,1.0618667886711974
11,equity-style,"[0.0, 0.9]",0.005,3.0,5.0,0.905,False,False,ef111,4.269915705542968e-05,0.9748775148915607,0.08698927518338934,1.06186679007495
12,equity-style,"[0.15, 0.0]",1.0,1.0,0.2,1.15,False,False,dynamic,0.0,2.1046997123992885,0.036348676858673074,2.1410483892579615
12,equity-style,"[0.15, 0.0]",1.0,1.0,0.2,1.15,False,False,myopic,3.464705021222686e-05,2.1055658940262725,0.036417971410607056,2.1419838654368792
12,equity-style,"[0.15, 0.0]",1.0,1.0,0.2,1.15,False,False,ef111,3.46471078880113e-05,2.105565894038949,0.03641797127385322,2.141983865312802
13,equity-style,"[0.15, 0.0]",1.0,1.0,1.0,1.15,False,False,dynamic,0.0,0.5394823211026669,0.036348676703623226,0.5758309978062901
13,equity-style,"[0.15, 0.0]",1.0,1.0,1.0,1.15,False,False,myopic,3.4647309900331216e-05,0.5403485030955638,0.03641797134179069,0.5767664744373545
13,equity-style,"[0.15, 0.0]",1.0,1.0,1.0,1.15,False,False,ef111,3.464737723777119e-05,0.5403485028279765,0.03641797146715123,0.5767664742951278
14,equity-style,"[0.15, 0.0]",1.0,1.0,5.0,1.15,False,False,dynamic,0.0,0.5394823211042455,0.03634867671005351,0.575830997814299
14,equity-style,"[0.15, 0.0]",1.0,1.0,5.0,1.15,False,False,myopic,3.464721432460996e-05,0.5403485027970184,0.036417971248465124,0.5767664740454835
14,equity-style,"[0.15, 0.0]",1.0,1.0,5.0,1.15,False,False,ef111,3.4647348169839546e-05,0.5403485028581314,0.036417971341955416,0.5767664742000869
15,equity-style,"[0.15, 0.0]",1.0,3.0,0.2,1.15,False,False,dynamic,0.0,2.079343724356546,0.7018156425553019,2.781159366911848
15,equity-style,"[0.15, 0.0]",1.0,3.0,0.2,1.15,False,False,myopic,0.00019708787056327043,2.0813781787653842,0.702209818183337,2.783587996948721
15,equity-style,"[0.15, 0.0]",1.0,3.0,0.2,1.15,False,False,ef111,0.0028252217483054863,2.0813781787784227,0.7048379521061257,2.7862161308845486
16,equity-style,"[0.15, 0.0]",1.0,3.0,1.0,1.15,False,False,dynamic,0.0,0.5194552912232642,1.7171403090284878,2.2365956002517517
16,equity-style,"[0.15, 0.0]",1.0,3.0,1.0,1.15,False,False,myopic,0.0005168254755622234,0.5161607878556835,1.718173960869706,2.2343347487253893
16,equity-style,"[0.15, 0.0]",1.0,3.0,1.0,1.15,False,False,ef111,0.0031449594034077787,0.5161607875912921,1.7208020952309717,2.236962882822264
17,equity-style,"[0.15, 0.0]",1.0,3.0,5.0,1.15,False,False,dynamic,0.0,0.5170008203444153,0.0700696392335402,0.5870704595779556
17,equity-style,"[0.15, 0.0]",1.0,3.0,5.0,1.15,False,False,myopic,3.360130936323939e-05,0.5161607875368617,0.07013684191704579,0.5862976294539075
17,equity-style,"[0.15, 0.0]",1.0,3.0,5.0,1.15,False,False,ef111,3.3601466016311544e-05,0.5161607876203508,0.07013684204422824,0.586297629664579
18,equity-style,"[0.15, 0.0]",0.005,1.0,0.2,0.155,True,True,dynamic,0.0,11.675084337974026,9.909572837503563e-11,11.67508433807312
18,equity-style,"[0.15, 0.0]",0.005,1.0,0.2,0.155,True,True,myopic,7.998670050674544e-09,11.67508432962705,7.807728764855421e-09,11.675084337434779
18,equity-style,"[0.15, 0.0]",0.005,1.0,0.2,0.155,True,True,ef111,28.285420660018307,0.06450325760387775,2.322795570917331e-09,0.06450325992667333
19,equity-style,"[0.15, 0.0]",0.005,1.0,1.0,0.155,True,True,dynamic,0.0,0.0645032285177661,1.4201971601982983e-10,0.06450322865978582
19,equity-style,"[0.15, 0.0]",0.005,1.0,1.0,0.155,True,True,myopic,-1.072226984619084e-09,0.06450322892130407,6.682978347463765e-10,0.06450322958960189
19,equity-style,"[0.15, 0.0]",0.005,1.0,1.0,0.155,True,True,ef111,-1.5993031272070047e-09,0.06450322872941763,2.1733522771559495e-09,0.06450323090276991
20,equity-style,"[0.15, 0.0]",0.005,1.0,5.0,0.155,True,True,dynamic,0.0,0.06450322839935117,6.976190542578962e-10,0.06450322909697023
20,equity-style,"[0.15, 0.0]",0.005,1.0,5.0,0.155,True,True,myopic,-1.3693403489964664e-09,0.0645032287446393,1.7981888750475344e-09,0.06450323054282818
20,equity-style,"[0.15, 0.0]",0.005,1.0,5.0,0.155,True,True,ef111,9.745060940997839e-09,0.06450323208272768,8.516255100035261e-09,0.06450324059898277
21,equity-style,"[0.15, 0.0]",0.005,3.0,0.2,0.155,True,True,dynamic,0.0,11.675084337880362,3.038406530348034,14.713490868228398
21,equity-style,"[0.15, 0.0]",0.005,3.0,0.2,0.155,True,True,myopic,1.2485252527179527e-09,11.675084330133148,3.0384065332030383,14.713490863336188
21,equity-style,"[0.15, 0.0]",0.005,3.0,0.2,0.155,True,True,ef111,36.291912014996015,0.06450322861612984,8.624090559487194e-09,0.06450323724022039
22,equity-style,"[0.15, 0.0]",0.005,3.0,1.0,0.155,True,True,dynamic,0.0,0.06450322916472358,12.359270083476552,12.423773312641275
22,equity-style,"[0.15, 0.0]",0.005,3.0,1.0,0.155,True,True,myopic,-2.247977789578719e-09,0.0645032288662945,12.359270082075257,12.423773310941552
22,equity-style,"[0.15, 0.0]",0.005,3.0,1.0,0.155,True,True,ef111,8.127424774214202,0.06450322878431358,1.3555700749429355e-08,0.06450324234001431
23,equity-style,"[0.15, 0.0]",0.005,3.0,5.0,0.155,True,True,dynamic,0.0,0.06450322842123644,7.149577455045451e-10,0.06450322913619419
23,equity-style,"[0.15, 0.0]",0.005,3.0,5.0,0.155,True,True,myopic,-7.419300389109192e-10,0.06450322877325955,2.914843659059646e-09,0.06450323168810321
23,equity-style,"[0.15, 0.0]",0.005,3.0,5.0,0.155,True,True,ef111,7.557574637791085e-09,0.06450323212414912,6.4180904934290284e-09,0.06450323854223959
24,equity-style,"[0.075, 0.45]",1.0,1.0,0.2,1.525,False,False,dynamic,0.0,0.505183389694936,0.027410477651241768,0.5325938673461779
24,equity-style,"[0.075, 0.45]",1.0,1.0,0.2,1.525,False,False,myopic,2.6127263916810646e-05,0.505836575825748,0.02746273257540275,0.5332993084011507
24,equity-style,"[0.075, 0.45]",1.0,1.0,0.2,1.525,False,False,ef111,0.017662154575328888,0.5221662307496472,0.028769104920909176,0.5509353356705564
25,equity-style,"[0.075, 0.45]",1.0,1.0,1.0,1.525,False,False,dynamic,0.0,0.06865089057387179,0.02871685068957872,0.0973677412634505
25,equity-style,"[0.075, 0.45]",1.0,1.0,1.0,1.525,False,False,myopic,2.612694093404989e-05,0.06799770375989878,0.02876910499760718,0.09676680875750597
25,equity-style,"[0.075, 0.45]",1.0,1.0,1.0,1.525,False,False,ef111,2.6126984205447284e-05,0.06799770366957507,0.028769105137856767,0.09676680880743183
26,equity-style,"[0.075, 0.45]",1.0,1.0,5.0,1.525,False,False,dynamic,0.0,0.06865088994278438,0.028716850019452077,0.09736773996223645
26,equity-style,"[0.075, 0.45]",1.0,1.0,5.0,1.525,False,False,myopic,2.6127360703005366e-05,0.06799770364562817,0.028769105007741307,0.0967668086533695
26,equity-style,"[0.075, 0.45]",1.0,1.0,5.0,1.525,False,False,ef111,2.6127468983875978e-05,0.06799770367093007,0.02876910497482166,0.09676680864575173
27,equity-style,"[0.075, 0.45]",1.0,3.0,0.2,1.525,True,False,dynamic,0.0,0.4918032786880942,0.530350305148889,1.0221535838369833
27,equity-style,"[0.075, 0.45]",1.0,3.0,0.2,1.525,True,False,myopic,8.67213859921599e-10,0.49180327907263,0.5303503054100728,1.0221535844827028
27,equity-style,"[0.075, 0.45]",1.0,3.0,0.2,1.525,True,False,ef111,0.018954497579968338,0.5034333436163373,0.5345855018187414,1.0380188454350787
28,equity-style,"[0.075, 0.45]",1.0,3.0,1.0,1.525,False,False,dynamic,0.0,0.08461154876174112,0.6614197290662777,0.7460312778280187
28,equity-style,"[0.075, 0.45]",1.0,3.0,1.0,1.525,False,False,myopic,0.00029852218990824176,0.08673059081130213,0.6619627333256198,0.7486933241369218
28,equity-style,"[0.075, 0.45]",1.0,3.0,1.0,1.525,False,False,ef111,0.002203677020302554,0.08673059080750828,0.663668885941776,0.7503994767492842
29,equity-style,"[0.075, 0.45]",1.0,3.0,5.0,1.525,False,False,dynamic,0.0,0.08609712341897822,0.05157246534600575,0.13766958876498397
29,equity-style,"[0.075, 0.45]",1.0,3.0,5.0,1.525,False,False,myopic,2.5338686966031854e-05,0.08673059078501238,0.05162314275546103,0.1383537335404734
29,equity-style,"[0.075, 0.45]",1.0,3.0,5.0,1.525,False,False,ef111,2.5338927722899845e-05,0.08673059086299707,0.05162314307046371,0.1383537339334608
30,equity-style,"[0.075, 0.45]",0.005,1.0,0.2,0.53,False,False,dynamic,0.0,1.453593715589889,0.07886977019203165,1.5324634857819208
30,equity-style,"[0.075, 0.45]",0.005,1.0,0.2,0.53,False,False,myopic,7.517804298699307e-05,1.455473166410462,0.07902012639181087,1.5344932928022728
30,equity-style,"[0.075, 0.45]",0.005,1.0,0.2,0.53,False,False,ef111,0.05082036006119538,1.5024594311502293,0.08277903289572382,1.5852384640459534
31,equity-style,"[0.075, 0.45]",0.005,1.0,1.0,0.53,False,False,dynamic,0.0,0.19753322132327666,0.08262867271142589,0.2801618940347026
31,equity-style,"[0.075, 0.45]",0.005,1.0,1.0,0.53,False,False,myopic,7.517744409826095e-05,0.1956537700638399,0.08277902813055811,0.27843279819439803
31,equity-style,"[0.075, 0.45]",0.005,1.0,1.0,0.53,False,False,ef111,7.517762174376409e-05,0.1956537700005703,0.08277902862803209,0.2784327986286024
32,equity-style,"[0.075, 0.45]",0.005,1.0,5.0,0.53,False,False,dynamic,0.0,0.1975332214902702,0.08262867278119307,0.28016189427146326
32,equity-style,"[0.075, 0.45]",0.005,1.0,5.0,0.53,False,False,myopic,7.51770517561797e-05,0.19565376997053305,0.08277902805617968,0.2784327980267127
32,equity-style,"[0.075, 0.45]",0.005,1.0,5.0,0.53,False,False,ef111,7.51783585102819e-05,0.19565377061590103,0.08277902860496388,0.2784327992208649
33,equity-style,"[0.075, 0.45]",0.005,3.0,0.2,0.53,True,False,dynamic,0.0,1.4150943396181346,1.526007953623517,2.941102293241651
33,equity-style,"[0.075, 0.45]",0.005,3.0,0.2,0.53,True,False,myopic,-5.008768557145863e-10,1.4150943397733593,1.5260079535772517,2.9411022933506112
33,equity-style,"[0.075, 0.45]",0.005,3.0,0.2,0.53,True,False,ef111,0.05453889004692708,1.4485581984452096,1.5381941342198728,2.9867523326650827
34,equity-style,"[0.075, 0.45]",0.005,3.0,1.0,0.53,False,False,dynamic,0.0,0.24345775809300482,1.9031416720874887,2.1465994301804936
34,equity-style,"[0.075, 0.45]",0.005,3.0,1.0,0.53,False,False,myopic,0.0008589556530833356,0.24955500185379018,1.9047040902565537,2.1542590921103435
34,equity-style,"[0.075, 0.45]",0.005,3.0,1.0,0.53,False,False,ef111,0.006340768813537585,0.2495550018431228,1.9096133014316339,2.1591683032747566
35,equity-style,"[0.075, 0.45]",0.005,3.0,5.0,0.53,False,False,dynamic,0.0,0.24773228927136395,0.14839247152974086,0.39612476080110487
35,equity-style,"[0.075, 0.45]",0.005,3.0,5.0,0.53,False,False,myopic,7.290730056166407e-05,0.24955500180600695,0.14853828807346,0.398093289879467
35,equity-style,"[0.075, 0.45]",0.005,3.0,5.0,0.53,False,False,ef111,7.29082214870807e-05,0.24955500219376497,0.1485382885796648,0.3980932907734298
36,fixed-income-style,"[0.0, 0.9]",1.0,1.0,0.2,1.9,False,False,dynamic,0.0,9.574848101665507,0.011991094139256945,9.586839195804764
36,fixed-income-style,"[0.0, 0.9]",1.0,1.0,0.2,1.9,False,False,myopic,1.116244713876859,7.300839647766165,0.6505871115613687,7.951426759327533
36,fixed-income-style,"[0.0, 0.9]",1.0,1.0,0.2,1.9,False,False,ef111,1.1162447140337555,7.300839647706493,0.6505871126874004,7.951426760393893
37,fixed-income-style,"[0.0, 0.9]",1.0,1.0,1.0,1.9,False,False,dynamic,0.0,9.506068134878628,2.18268510768961e-10,9.506068135096898
37,fixed-income-style,"[0.0, 0.9]",1.0,1.0,1.0,1.9,False,False,myopic,1.1054536060117,7.300839647767898,0.6505871115755423,7.95142675934344
37,fixed-income-style,"[0.0, 0.9]",1.0,1.0,1.0,1.9,False,False,ef111,1.1054536064501923,7.300839647760769,0.6505871129320483,7.951426760692818
38,fixed-income-style,"[0.0, 0.9]",1.0,1.0,5.0,1.9,False,False,dynamic,0.0,9.506068134728082,7.628679736522415e-11,9.506068134804368
38,fixed-income-style,"[0.0, 0.9]",1.0,1.0,5.0,1.9,False,False,myopic,1.105453606021693,7.30083964777495,0.6505871106657162,7.9514267584406655
38,fixed-income-style,"[0.0, 0.9]",1.0,1.0,5.0,1.9,False,False,ef111,1.1054536064225555,7.3008396477734765,0.6505871112767112,7.951426759050188
39,fixed-income-style,"[0.0, 0.9]",1.0,3.0,0.2,1.9,False,False,dynamic,0.0,10.307882191587458,1.2173965039756796,11.525278695563138
39,fixed-income-style,"[0.0, 0.9]",1.0,3.0,0.2,1.9,False,False,myopic,1.23231356772955,7.795431976174022,2.247505373770279,10.0429373499443
39,fixed-income-style,"[0.0, 0.9]",1.0,3.0,0.2,1.9,False,False,ef111,1.239803619223369,7.795431976124516,2.331240624206322,10.126672600330837
40,fixed-income-style,"[0.0, 0.9]",1.0,3.0,1.0,1.9,False,False,dynamic,0.0,10.196334665503306,1.7928645292818444,11.989199194785153
40,fixed-income-style,"[0.0, 0.9]",1.0,3.0,1.0,1.9,False,False,myopic,1.1700310392636617,7.795431976175591,2.773821163159097,10.569253139334688
40,fixed-income-style,"[0.0, 0.9]",1.0,3.0,1.0,1.9,False,False,ef111,1.1775210905101687,7.795431976247386,2.8575564125541932,10.65298838880158
41,fixed-income-style,"[0.0, 0.9]",1.0,3.0,5.0,1.9,False,False,dynamic,0.0,9.849413874248613,1.607658085545289e-09,9.849413875856271
41,fixed-income-style,"[0.0, 0.9]",1.0,3.0,5.0,1.9,False,False,myopic,1.001842394336098,7.795431976180472,0.5549248334662638,8.350356809646735
41,fixed-income-style,"[0.0, 0.9]",1.0,3.0,5.0,1.9,False,False,ef111,1.0018423947812645,7.795431976179266,0.5549248352863244,8.35035681146559
42,fixed-income-style,"[0.0, 0.9]",0.005,1.0,0.2,0.905,False,False,dynamic,0.0,20.101891040770813,0.0251746723519043,20.127065713122718
42,fixed-income-style,"[0.0, 0.9]",0.005,1.0,0.2,0.905,False,False,myopic,2.3434971896258556,15.32772964725641,1.3658734935221548,16.693603140778567
42,fixed-income-style,"[0.0, 0.9]",0.005,1.0,0.2,0.905,False,False,ef111,2.3434971897343764,15.327729647236511,1.365873494118317,16.693603141354828
43,fixed-income-style,"[0.0, 0.9]",0.005,1.0,1.0,0.905,False,False,dynamic,0.0,19.957491111745384,1.4316701548125e-10,19.957491111888555
43,fixed-income-style,"[0.0, 0.9]",0.005,1.0,1.0,0.905,False,False,myopic,2.3208418250897567,15.327729647263354,1.365873494391682,16.693603141655036
43,fixed-income-style,"[0.0, 0.9]",0.005,1.0,1.0,0.905,False,False,ef111,2.3208418256769368,15.327729647243624,1.3658734955777283,16.693603142821352
44,fixed-income-style,"[0.0, 0.9]",0.005,1.0,5.0,0.905,False,False,dynamic,0.0,19.957491110495837,2.501114689085643e-09,19.95749111299695
44,fixed-income-style,"[0.0, 0.9]",0.005,1.0,5.0,0.905,False,False,myopic,2.320841823520944,15.327729647277842,1.3658734918254836,16.693603139103324
44,fixed-income-style,"[0.0, 0.9]",0.005,1.0,5.0,0.905,False,False,ef111,2.320841824250141,15.327729647337767,1.3658734928906593,16.693603140228426
45,fixed-income-style,"[0.0, 0.9]",0.005,3.0,0.2,0.905,False,False,dynamic,0.0,21.64085772404906,2.5558600548703647,24.196717778919425
45,fixed-income-style,"[0.0, 0.9]",0.005,3.0,0.2,0.905,False,False,myopic,2.5871776539944054,16.366100281479316,4.71851956868827,21.084619850167588
45,fixed-income-style,"[0.0, 0.9]",0.005,3.0,0.2,0.905,False,False,ef111,2.602902623506852,16.36610028146227,4.894317330017159,21.26041761147943
46,fixed-income-style,"[0.0, 0.9]",0.005,3.0,1.0,0.905,False,False,dynamic,0.0,21.40666946322501,3.764024978446504,25.170694441671518
46,fixed-income-style,"[0.0, 0.9]",0.005,3.0,1.0,0.905,False,False,myopic,2.4564187565369404,16.36610028148484,5.823491944344344,22.189592225829188
46,fixed-income-style,"[0.0, 0.9]",0.005,3.0,1.0,0.905,False,False,ef111,2.4721437259936274,16.366100281468185,5.999289706640831,22.365389988109015
47,fixed-income-style,"[0.0, 0.9]",0.005,3.0,5.0,0.905,False,False,dynamic,0.0,20.678327471825042,3.2290772663269816e-10,20.67832747214795
47,fixed-income-style,"[0.0, 0.9]",0.005,3.0,5.0,0.905,False,False,myopic,2.1033155250435254,16.366100281492308,1.165035561781423,17.53113584327373
47,fixed-income-style,"[0.0, 0.9]",0.005,3.0,5.0,0.905,False,False,ef111,2.1033155255395988,16.36610028153655,1.1650355635456762,17.531135845082225
48,fixed-income-style,"[0.15, 0.0]",1.0,1.0,0.2,1.15,False,False,dynamic,0.0,6.373241540962385,0.06956521794462163,6.4428067589070075
48,fixed-income-style,"[0.15, 0.0]",1.0,1.0,0.2,1.15,False,False,myopic,1.698727736980392,3.0123498564450233,0.1537533108442827,3.1661031672893056
48,fixed-income-style,"[0.15, 0.0]",1.0,1.0,0.2,1.15,False,False,ef111,1.8474489835757688,3.012349856675756,0.14383721315850945,3.1561870698342656
49,fixed-income-style,"[0.15, 0.0]",1.0,1.0,1.0,1.15,False,False,dynamic,0.0,7.7645458892996535,0.34782608773141643,8.11237197703107
49,fixed-income-style,"[0.15, 0.0]",1.0,1.0,1.0,1.15,False,False,myopic,1.698727735607509,4.4036542045539795,0.4320141677238703,4.8356683722778495
49,fixed-income-style,"[0.15, 0.0]",1.0,1.0,1.0,1.15,False,False,ef111,1.8077846574606788,4.403654203852585,0.38243377335918505,4.78608797721177
50,fixed-income-style,"[0.15, 0.0]",1.0,1.0,5.0,1.15,False,False,dynamic,0.0,10.25119633435712,1.159026000174812e-09,10.251196335516147
50,fixed-income-style,"[0.15, 0.0]",1.0,1.0,5.0,1.15,False,False,myopic,1.5705277605553722,7.012349857799864,0.22278812276131393,7.235137980561179
50,fixed-income-style,"[0.15, 0.0]",1.0,1.0,5.0,1.15,False,False,ef111,1.5705277607364474,7.01234985750617,0.22278812373772017,7.235137981243889
51,fixed-income-style,"[0.15, 0.0]",1.0,3.0,0.2,1.15,False,False,dynamic,0.0,6.453881019419298,0.11114344245001682,6.565024461869314
51,fixed-income-style,"[0.15, 0.0]",1.0,3.0,0.2,1.15,False,False,myopic,1.6583090608520428,2.6037735853776547,1.7640883506132001,4.367861935990855
51,fixed-income-style,"[0.15, 0.0]",1.0,3.0,0.2,1.15,False,False,ef111,1.8745317181968455,2.6037735857451567,1.7754326529246844,4.379206238669841
52,fixed-income-style,"[0.15, 0.0]",1.0,3.0,1.0,1.15,False,False,dynamic,0.0,7.679980944060823,0.4157432144052946,8.095724158466117
52,fixed-income-style,"[0.15, 0.0]",1.0,3.0,1.0,1.15,False,False,myopic,1.550265059500183,3.995077933829168,1.9695438027293544,5.964621736558522
52,fixed-income-style,"[0.15, 0.0]",1.0,3.0,1.0,1.15,False,False,ef111,1.677418971842512,3.9950779325988077,1.9582587405218757,5.953336673120683
53,fixed-income-style,"[0.15, 0.0]",1.0,3.0,5.0,1.15,False,False,dynamic,0.0,9.698729533769136,0.6787961555965333,10.377525689365669
53,fixed-income-style,"[0.15, 0.0]",1.0,3.0,5.0,1.15,False,False,myopic,1.255569956131874,6.603773586797521,2.0880451857901385,8.69181877258766
53,fixed-income-style,"[0.15, 0.0]",1.0,3.0,5.0,1.15,False,False,ef111,1.3571185352204262,6.6037735865676455,1.428563915743518,8.032337502311162
54,fixed-income-style,"[0.15, 0.0]",0.005,1.0,0.2,0.155,True,True,dynamic,0.0,0.12898066592393864,9.4584140817331e-10,0.12898066686978008
54,fixed-income-style,"[0.15, 0.0]",0.005,1.0,0.2,0.155,True,True,myopic,-4.682354414592237e-09,0.1289806658394068,4.4809510711388044e-11,0.1289806658842163
54,fixed-income-style,"[0.15, 0.0]",0.005,1.0,0.2,0.155,True,True,ef111,0.017638937305846664,0.12839030662140863,0.0005876575344726413,0.12897796415588125
55,fixed-income-style,"[0.15, 0.0]",0.005,1.0,1.0,0.155,True,True,dynamic,0.0,0.6438735433596996,2.1256845836561347e-10,0.6438735435722681
55,fixed-income-style,"[0.15, 0.0]",0.005,1.0,1.0,0.155,True,True,myopic,3.317406833107518e-09,0.6438735434807554,1.2817606225595187e-09,0.6438735447625161
55,fixed-income-style,"[0.15, 0.0]",0.005,1.0,1.0,0.155,True,True,ef111,0.011463683543707835,0.6419515334374507,0.0019162743513811446,0.6438678077888318
56,fixed-income-style,"[0.15, 0.0]",0.005,1.0,5.0,0.155,True,True,dynamic,0.0,1.6048788318329237,8.893156078820082e-11,1.6048788319218554
56,fixed-income-style,"[0.15, 0.0]",0.005,1.0,5.0,0.155,True,True,myopic,-7.806255641895632e-11,1.6048788317371996,2.207859773562642e-09,1.6048788339450593
56,fixed-income-style,"[0.15, 0.0]",0.005,1.0,5.0,0.155,True,True,ef111,4.733556736544455e-10,1.6048788340372726,3.9590499197767097e-10,1.6048788344331777
57,fixed-income-style,"[0.15, 0.0]",0.005,3.0,0.2,0.155,True,True,dynamic,0.0,0.1289806658421454,6.837598315862908e-09,0.12898067267974372
57,fixed-income-style,"[0.15, 0.0]",0.005,3.0,0.2,0.155,True,True,myopic,-2.3532922922170532e-09,0.1289806658365478,4.441025137092467e-10,0.12898066628065033
57,fixed-income-style,"[0.15, 0.0]",0.005,3.0,0.2,0.155,True,True,ef111,0.017593756850143825,0.12839030662341672,0.002277172252093284,0.13066747887551
58,fixed-income-style,"[0.15, 0.0]",0.005,3.0,1.0,0.155,True,True,dynamic,0.0,0.6438735435514117,5.268910736176149e-09,0.6438735488203224
58,fixed-income-style,"[0.15, 0.0]",0.005,3.0,1.0,0.155,True,True,myopic,1.9876573505385866e-10,0.6438735435344994,1.9147413137209737e-09,0.6438735454492407
58,fixed-income-style,"[0.15, 0.0]",0.005,3.0,1.0,0.155,True,True,ef111,0.011051199244694493,0.6419515333512658,0.0026348764713628697,0.6445864098226287
59,fixed-income-style,"[0.15, 0.0]",0.005,3.0,5.0,0.155,True,True,dynamic,0.0,1.6048788317163865,1.4696292248226935e-10,1.6048788318633493
59,fixed-income-style,"[0.15, 0.0]",0.005,3.0,5.0,0.155,True,True,myopic,-1.4996964243928526e-10,1.6048788317154679,1.1423763690722318e-09,1.6048788328578445
59,fixed-income-style,"[0.15, 0.0]",0.005,3.0,5.0,0.155,True,True,ef111,8.499585444068298e-10,1.6048788339488445,2.1361398523141217e-09,1.6048788360849844
60,fixed-income-style,"[0.075, 0.45]",1.0,1.0,0.2,1.525,True,False,dynamic,0.0,1.3001985644782285e-12,0.05321608968725627,0.05321608968855647
60,fixed-income-style,"[0.075, 0.45]",1.0,1.0,0.2,1.525,True,False,myopic,-1.6516842538480815e-11,1.2942142803717244e-10,0.05321608554477125,0.05321608567419267
60,fixed-income-style,"[0.075, 0.45]",1.0,1.0,0.2,1.525,True,False,ef111,0.07661860341593955,1.2673254067304014e-10,2.0426392362612875e-10,3.3099646429916886e-10
61,fixed-income-style,"[0.075, 0.45]",1.0,1.0,1.0,1.525,True,False,dynamic,0.0,1.6617308622020666e-11,0.0008213108423343926,0.0008213108589517012
61,fixed-income-style,"[0.075, 0.45]",1.0,1.0,1.0,1.525,True,False,myopic,-3.291936395608578e-10,1.5418267755425494e-11,0.0008212750517100356,0.0008212750671283032
61,fixed-income-style,"[0.075, 0.45]",1.0,1.0,1.0,1.525,True,False,ef111,7.031828386876183e-06,2.0751487959685504e-10,1.6981825781646773e-10,3.773331374133228e-10
62,fixed-income-style,"[0.075, 0.45]",1.0,1.0,5.0,1.525,True,False,dynamic,0.0,9.537907804177268e-12,6.767497536862766e-11,7.721288317280493e-11
62,fixed-income-style,"[0.075, 0.45]",1.0,1.0,5.0,1.525,True,False,myopic,5.021711643965386e-10,6.034244142612255e-11,8.492662402106043e-10,9.096086816367269e-10
62,fixed-income-style,"[0.075, 0.45]",1.0,1.0,5.0,1.525,True,False,ef111,1.5345022611413595e-09,5.74697848508486e-10,1.109446494145894e-09,1.6841443426543798e-09
63,fixed-income-style,"[0.075, 0.45]",1.0,3.0,0.2,1.525,False,False,dynamic,0.0,0.015444066122197097,1.0506213206911403,1.0660653868133372
63,fixed-income-style,"[0.075, 0.45]",1.0,3.0,0.2,1.525,False,False,myopic,8.062844902777006e-05,0.013378512320102145,1.0508243903737045,1.0642029026938067
63,fixed-income-style,"[0.075, 0.45]",1.0,3.0,0.2,1.525,False,False,ef111,1.0580646922315653,1.9521269846513564e-10,1.5176434430500712,1.5176434432452837
64,fixed-income-style,"[0.075, 0.45]",1.0,3.0,1.0,1.525,True,False,dynamic,0.0,8.58074995393076e-12,1.7667289663784786,1.7667289663870593
64,fixed-income-style,"[0.075, 0.45]",1.0,3.0,1.0,1.525,True,False,myopic,2.6407041398730225e-10,3.0217431471414116e-10,1.7667289691669397,1.766728969469114
64,fixed-income-style,"[0.075, 0.45]",1.0,3.0,1.0,1.525,True,False,ef111,0.7060300041852408,7.42673864119174e-10,1.9673155748040223,1.967315575546696
65,fixed-income-style,"[0.075, 0.45]",1.0,3.0,5.0,1.525,True,False,dynamic,0.0,1.1053627958301418e-08,5.10911781915921e-10,1.156453974021734e-08
65,fixed-income-style,"[0.075, 0.45]",1.0,3.0,5.0,1.525,True,False,myopic,-1.4300946583593717e-10,1.7430410484727694e-10,3.3303858305013597e-10,5.073426878974129e-10
65,fixed-income-style,"[0.075, 0.45]",1.0,3.0,5.0,1.525,True,False,ef111,1.4855489334110895e-09,6.255214925267567e-10,1.565068941930764e-09,2.1905904344575204e-09
66,fixed-income-style,"[0.075, 0.45]",0.005,1.0,0.2,0.53,True,True,dynamic,0.0,1.0200435883796605e-11,0.1121545760117436,0.11215457602194402
66,fixed-income-style,"[0.075, 0.45]",0.005,1.0,0.2,0.53,True,True,myopic,-4.415362205835307e-11,2.0953364829376007e-11,0.11215457389668976,0.11215457391764312
66,fixed-income-style,"[0.075, 0.45]",0.005,1.0,0.2,0.53,True,True,ef111,0.18153037719923998,2.908491058058575e-11,3.5181499354236633e-10,3.8089990412295207e-10
67,fixed-income-style,"[0.075, 0.45]",0.005,1.0,1.0,0.53,True,False,dynamic,0.0,1.4374246028260045e-11,0.002363104838179462,0.0023631048525537077
67,fixed-income-style,"[0.075, 0.45]",0.005,1.0,1.0,0.53,True,False,myopic,1.3042502088815813e-09,1.55748684389752e-09,0.002363102514618471,0.0023631040721053148
67,fixed-income-style,"[0.075, 0.45]",0.005,1.0,1.0,0.53,True,False,ef111,2.0234508840490183e-05,3.474422007960189e-11,6.888944341601216e-10,7.236386542397235e-10
68,fixed-income-style,"[0.075, 0.45]",0.005,1.0,5.0,0.53,True,False,dynamic,0.0,1.2665968902633978e-10,8.920111766630854e-11,2.1586080669264835e-10
68,fixed-income-style,"[0.075, 0.45]",0.005,1.0,5.0,0.53,True,False,myopic,3.0606413629922875e-10,2.936854114197112e-11,6.885174754757285e-10,7.178860166176995e-10
68,fixed-income-style,"[0.075, 0.45]",0.005,1.0,5.0,0.53,True,False,ef111,6.976534130272762e-11,3.394559266802012e-11,3.340445713541021e-10,3.679901640221223e-10
69,fixed-income-style,"[0.075, 0.45]",0.005,3.0,0.2,0.53,False,True,dynamic,0.0,0.029074149859999357,4.511512293269994,4.540586443129993
69,fixed-income-style,"[0.075, 0.45]",0.005,3.0,0.2,0.53,False,True,myopic,0.0005847440307608894,0.03849477118838226,4.511889404243838,4.55038417543222
69,fixed-income-style,"[0.075, 0.45]",0.005,3.0,0.2,0.53,False,True,ef111,2.449806858865738,1.067281483317037e-10,4.366804246036851,4.3668042461435785
70,fixed-income-style,"[0.075, 0.45]",0.005,3.0,1.0,0.53,True,True,dynamic,0.0,5.167512120513553e-11,6.579212252381137,6.5792122524328125
70,fixed-income-style,"[0.075, 0.45]",0.005,3.0,1.0,0.53,True,True,myopic,2.5929206371109936e-10,3.0544225429840684e-11,6.579212257082382,6.579212257112926
70,fixed-income-style,"[0.075, 0.45]",0.005,3.0,1.0,0.53,True,True,ef111,1.5627475727183937,2.446502120386962e-10,5.660672168741375,5.660672168986025
71,fixed-income-style,"[0.075, 0.45]",0.005,3.0,5.0,0.53,True,False,dynamic,0.0,3.627630166907931e-09,7.004263521383093e-10,4.32805651904624e-09
71,fixed-income-style,"[0.075, 0.45]",0.005,3.0,5.0,0.53,True,False,myopic,1.208578572649879e-10,4.6501062958297535e-11,1.2120863144408308e-09,1.2585873773991283e-09
71,fixed-income-style,"[0.075, 0.45]",0.005,3.0,5.0,0.53,True,False,ef111,7.789235713452086e-10,5.7365014206339456e-11,1.4105267334120359e-09,1.4678917476183753e-09
