index,regime,start,cash,unc,costmul,initial_wealth,root_width_wealth,root_joint_loss_wealth_bp,dynamic_loss_wealth_bp,future_near_prob_1e-07,future_near_loss_1e-07,future_near_prob_1e-06,future_near_loss_1e-06,future_near_prob_1e-05,future_near_loss_1e-05,future_total_local_loss
0,equity-style,"[0.0, 0.9]",1.0,1.0,0.2,1.9,0.13157894736842105,-1.4653848310225136e-11,2.0970744676592594e-05,0,0,0,0,0,0,1.1147210370591654e-10
1,equity-style,"[0.0, 0.9]",1.0,1.0,1.0,1.9,0.13157894736842105,3.518293112987698e-11,2.0970698902718137e-05,0,0,0,0,0,0,1.7743967159989413e-11
2,equity-style,"[0.0, 0.9]",1.0,1.0,5.0,1.9,0.13157894736842105,1.274108742487176e-11,2.0971324256836042e-05,0,0,0,0,0,0,5.958538327400554e-10
3,equity-style,"[0.0, 0.9]",1.0,3.0,0.2,1.9,0.13157894736842105,-1.370659799110622e-11,0.0017100026459656627,0,0,0,0,0,0,0.0015907126123245908
4,equity-style,"[0.0, 0.9]",1.0,3.0,1.0,1.9,0.13157894736842105,2.916617970530479e-11,2.0337853194315296e-05,0,0,0,0,0,0,1.3977791192408187e-11
5,equity-style,"[0.0, 0.9]",1.0,3.0,5.0,1.9,0.13157894736842105,1.0572683079900752e-11,2.0338393035695956e-05,0,0,0,0,0,0,7.341552324950286e-10
6,equity-style,"[0.0, 0.9]",0.005,1.0,0.2,0.905,0.27624309392265195,1.8107254492613157e-10,4.402731245109926e-05,0,0,0,0,0,0,9.027360801409625e-11
7,equity-style,"[0.0, 0.9]",0.005,1.0,1.0,0.905,0.27624309392265195,-4.921439253669008e-12,4.402714675146293e-05,0,0,0,0,0,0,1.1510962485144096e-10
8,equity-style,"[0.0, 0.9]",0.005,1.0,5.0,0.905,0.27624309392265195,-6.169290063460059e-11,4.402733719726509e-05,0,0,0,0,0,0,8.854774983765136e-10
9,equity-style,"[0.0, 0.9]",0.005,3.0,0.2,0.905,0.27624309392265195,1.3640101939282827e-10,0.0035900570334885676,0,0,0,0,0,0,0.003339617819603845
10,equity-style,"[0.0, 0.9]",0.005,3.0,1.0,0.905,0.27624309392265195,-3.5940403507806775e-13,4.269800517028931e-05,0,0,0,0,0,0,2.1752629719737484e-11
11,equity-style,"[0.0, 0.9]",0.005,3.0,5.0,0.905,0.27624309392265195,-5.580346651312132e-11,4.269915705542968e-05,0,0,0,0,0,0,1.535074833994303e-09
12,equity-style,"[0.15, 0.0]",1.0,1.0,0.2,1.15,0.2173913043478261,-3.4015664681110436e-12,3.46471078880113e-05,0,0,0,0,0,0,6.37574515375079e-11
13,equity-style,"[0.15, 0.0]",1.0,1.0,1.0,1.15,0.2173913043478261,-1.5485423933486007e-10,3.464737723777119e-05,0,0,0,0,0,0,1.0647784548693023e-10
14,equity-style,"[0.15, 0.0]",1.0,1.0,5.0,1.15,0.2173913043478261,5.507747036226363e-11,3.4647348169839546e-05,0,0,0,0,0,0,8.402943950561786e-11
15,equity-style,"[0.15, 0.0]",1.0,3.0,0.2,1.15,0.2173913043478261,-3.6730884034813265e-12,0.0028252217483054863,0,0,0,0,0,0,0.0026281338815602583
16,equity-style,"[0.15, 0.0]",1.0,3.0,1.0,1.15,0.2173913043478261,-1.4932197990169055e-10,0.0031449594034077787,0,0,0,0,0,0,0.002628134011337608
17,equity-style,"[0.15, 0.0]",1.0,3.0,5.0,1.15,0.2173913043478261,7.519649154560334e-11,3.3601466016311544e-05,0,0,0,0,0,0,8.870570953880384e-11
18,equity-style,"[0.15, 0.0]",0.005,1.0,0.2,0.155,0.0,8.156204968085172,28.285420660018307,1.0,8.174477833740612,1.0,8.174477833740612,1.0,8.174477833740612,8.174477833740612
19,equity-style,"[0.15, 0.0]",0.005,1.0,1.0,0.155,0.0,-8.845410962827545e-10,-1.5993031272070047e-09,1.0,1.0544093460135117e-09,1.0,1.0544093460135117e-09,1.0,1.0544093460135117e-09,1.0544093460135117e-09
20,equity-style,"[0.15, 0.0]",0.005,1.0,5.0,0.155,1.5658646422511332e-09,5.083635125760936e-09,9.745060940997839e-09,1.0,6.164309269402909e-09,1.0,6.164309269402909e-09,1.0,6.164309269402909e-09,6.164309269402909e-09
21,equity-style,"[0.15, 0.0]",0.005,3.0,0.2,0.155,0.0,8.513648737641095,36.291912014996015,1.0,25.086085428853018,1.0,25.086085428853018,1.0,25.086085428853018,25.086085428853018
22,equity-style,"[0.15, 0.0]",0.005,3.0,1.0,0.155,0.0,-6.349647510293171e-10,8.127424774214202,1.0,8.127424777684382,1.0,8.127424777684382,1.0,8.127424777684382,8.127424777684382
23,equity-style,"[0.15, 0.0]",0.005,3.0,5.0,0.155,1.5768264830052386e-09,5.0545785075383245e-09,7.557574637791085e-09,1.0,3.351680299928624e-09,1.0,3.351680299928624e-09,1.0,3.351680299928624e-09,3.351680299928624e-09
24,equity-style,"[0.075, 0.45]",1.0,1.0,0.2,1.525,0.1639344262295082,0.016329654887055938,0.017662154575328888,0,0,0,0,0,0,7.46124829156586e-11
25,equity-style,"[0.075, 0.45]",1.0,1.0,1.0,1.525,0.1639344262295082,-3.7447276609282946e-11,2.6126984205447284e-05,0,0,0,0,0,0,5.0473521366543625e-11
26,equity-style,"[0.075, 0.45]",1.0,1.0,5.0,1.525,0.1639344262295082,2.5872974072847526e-11,2.6127468983875978e-05,0,0,0,0,0,0,8.034595728943522e-11
27,equity-style,"[0.075, 0.45]",1.0,3.0,0.2,1.525,0.1639344262295082,0.014719300346422383,0.018954497579968338,0,0,0,0,0,0,0.0019818714911114888
28,equity-style,"[0.075, 0.45]",1.0,3.0,1.0,1.525,0.1639344262295082,-1.0209274227470063e-12,0.002203677020302554,0,0,0,0,0,0,0.001905154831529881
29,equity-style,"[0.075, 0.45]",1.0,3.0,5.0,1.525,0.1639344262295082,8.392649052955333e-11,2.5338927722899845e-05,0,0,0,0,0,0,1.5043002988532567e-10
30,equity-style,"[0.075, 0.45]",0.005,1.0,0.2,0.53,0.4716981132075471,0.04698627487010575,0.05082036006119538,0,0,0,0,0,0,9.07487446692749e-11
31,equity-style,"[0.075, 0.45]",0.005,1.0,1.0,0.53,0.4716981132075471,-1.9982050605355484e-11,7.517762174376409e-05,0,0,0,0,0,0,1.802823646395755e-10
32,equity-style,"[0.075, 0.45]",0.005,1.0,5.0,0.53,0.4716981132075471,7.049850745106499e-10,7.51783585102819e-05,0,0,0,0,0,0,5.476305173224283e-10
33,equity-style,"[0.075, 0.45]",0.005,3.0,0.2,0.53,0.4716981132075471,0.0423527096900081,0.05453889004692708,0,0,0,0,0,0,0.005702554785312734
34,equity-style,"[0.075, 0.45]",0.005,3.0,1.0,0.53,0.4716981132075471,-2.2093176344987637e-12,0.006340768813537585,0,0,0,0,0,0,0.005481813163595367
35,equity-style,"[0.075, 0.45]",0.005,3.0,5.0,0.53,0.4716981132075471,4.2259336753218016e-10,7.29082214870807e-05,0,0,0,0,0,0,4.675478672330391e-10
36,fixed-income-style,"[0.0, 0.9]",1.0,1.0,0.2,1.9,0.13157894736842105,-3.0638412128995635e-11,1.1162447140337555,0,0,0,0,0,0,1.2255293522507957e-10
37,fixed-income-style,"[0.0, 0.9]",1.0,1.0,1.0,1.9,0.13157894736842105,-9.198599484455964e-13,1.1054536064501923,0,0,0,0,0,0,4.3304090439607423e-10
38,fixed-income-style,"[0.0, 0.9]",1.0,1.0,5.0,1.9,0.13157894736842105,-1.4505483802411329e-12,1.1054536064225555,0,0,0,0,0,0,4.0262974674875865e-10
39,fixed-income-style,"[0.0, 0.9]",1.0,3.0,0.2,1.9,0.13157894736842105,-2.525163922990976e-11,1.239803619223369,0,0,0,0,0,0,0.007490051464264533
40,fixed-income-style,"[0.0, 0.9]",1.0,3.0,1.0,1.9,0.13157894736842105,5.4894867891108176e-11,1.1775210905101687,0,0,0,0,0,0,0.007490051230754204
41,fixed-income-style,"[0.0, 0.9]",1.0,3.0,5.0,1.9,0.13157894736842105,-7.726367060765121e-13,1.0018423947812645,0,0,0,0,0,0,4.456871241308534e-10
42,fixed-income-style,"[0.0, 0.9]",0.005,1.0,0.2,0.905,0.27624309392265195,-2.7722031239021625e-12,2.3434971897343764,0,0,0,0,0,0,9.243722030526619e-11
43,fixed-income-style,"[0.0, 0.9]",0.005,1.0,1.0,0.905,0.27624309392265195,-3.23703234260313e-12,2.3208418256769368,0,0,0,0,0,0,5.724955859859418e-10
44,fixed-income-style,"[0.0, 0.9]",0.005,1.0,5.0,0.905,0.27624309392265195,5.153853863019491e-12,2.320841824250141,0,0,0,0,0,0,7.715287485583747e-10
45,fixed-income-style,"[0.0, 0.9]",0.005,3.0,0.2,0.905,0.27624309392265195,-2.324146093504838e-12,2.602902623506852,0,0,0,0,0,0,0.015724969498229838
46,fixed-income-style,"[0.0, 0.9]",0.005,3.0,1.0,0.905,0.27624309392265195,-2.7722031239021625e-12,2.4721437259936274,0,0,0,0,0,0,0.01572496944421291
47,fixed-income-style,"[0.0, 0.9]",0.005,3.0,5.0,0.905,0.27624309392265195,6.3542633401802376e-12,2.1033155255395988,0,0,0,0,0,0,5.226411547634502e-10
48,fixed-income-style,"[0.15, 0.0]",1.0,1.0,0.2,1.15,0.2173913043478261,6.550466690808074e-10,1.8474489835757688,0,0,0,0,0,0,0.14872124621697946
49,fixed-income-style,"[0.15, 0.0]",1.0,1.0,1.0,1.15,0.2173913043478261,-2.8100257628029527e-10,1.8077846574606788,0,0,0,0,0,0,0.10905692129919128
50,fixed-income-style,"[0.15, 0.0]",1.0,1.0,5.0,1.15,0.2173913043478261,-2.2959442318352168e-10,1.5705277607364474,0,0,0,0,0,0,3.406546727220743e-10
51,fixed-income-style,"[0.15, 0.0]",1.0,3.0,0.2,1.15,0.2173913043478261,1.1032351059273632e-09,1.8745317181968455,0,0,0,0,0,0,0.21622265662856838
52,fixed-income-style,"[0.15, 0.0]",1.0,3.0,1.0,1.15,0.2173913043478261,-2.448901588760476e-10,1.677418971842512,0,0,0,0,0,0,0.12715391147659832
53,fixed-income-style,"[0.15, 0.0]",1.0,3.0,5.0,1.15,0.2173913043478261,-2.1027111211633655e-10,1.3571185352204262,0,0,0,0,0,0,0.10154857927080518
54,fixed-income-style,"[0.15, 0.0]",0.005,1.0,0.2,0.155,0.03209757302859153,0.016679994988688617,0.017638937305846664,0,0,0,0,0,0,7.573828634515052e-05
55,fixed-income-style,"[0.15, 0.0]",0.005,1.0,1.0,0.155,0.032097572800953905,0.009323408608688476,0.011463683543707835,0,0,0,0,0,0,2.757300492144513e-05
56,fixed-income-style,"[0.15, 0.0]",0.005,1.0,5.0,0.155,0.0,1.4018244450546773e-09,4.733556736544455e-10,1.0,7.161942270198398e-11,1.0,7.161942270198398e-11,1.0,7.161942270198398e-11,7.161942270198398e-11
57,fixed-income-style,"[0.15, 0.0]",0.005,3.0,0.2,0.155,0.032097572966437664,0.016339165860131705,0.017593756850143825,0,0,0,0,0,0,6.658404620052978e-05
58,fixed-income-style,"[0.15, 0.0]",0.005,3.0,1.0,0.155,0.032097575004967585,0.00910149050189777,0.011051199244694493,0,0,0,0,0,0,2.4834658467680734e-05
59,fixed-income-style,"[0.15, 0.0]",0.005,3.0,5.0,0.155,0.0,1.4165695946004802e-09,8.499585444068298e-10,1.0,4.745474216875888e-10,1.0,4.745474216875888e-10,1.0,4.745474216875888e-10,4.745474216875888e-10
60,fixed-income-style,"[0.075, 0.45]",1.0,1.0,0.2,1.525,0.1639344262295082,-4.1297793964156056e-11,0.07661860341593955,0,0,0,0,0,0,0.07661860349923134
61,fixed-income-style,"[0.075, 0.45]",1.0,1.0,1.0,1.525,0.1639344262295082,1.5780580394332624e-10,7.031828386876183e-06,0,0,0,0,0,0,7.032057956732876e-06
62,fixed-income-style,"[0.075, 0.45]",1.0,1.0,5.0,1.525,0.1639344262295082,5.928772955272865e-10,1.5345022611413595e-09,0,0,0,0,0,0,3.582433259990879e-10
63,fixed-income-style,"[0.075, 0.45]",1.0,3.0,0.2,1.525,0.1639344262295082,0.0030430885496930114,1.0580646922315653,0,0,0,0,0,0,1.0535571639113734
64,fixed-income-style,"[0.075, 0.45]",1.0,3.0,1.0,1.525,0.1639344262295082,2.582519808203374e-10,0.7060300041852408,0,0,0,0,0,0,0.7060300038114626
65,fixed-income-style,"[0.075, 0.45]",1.0,3.0,5.0,1.525,0.1639344262295082,5.555068017603828e-10,1.4855489334110895e-09,0,0,0,0,0,0,9.608230756727226e-10
66,fixed-income-style,"[0.075, 0.45]",0.005,1.0,0.2,0.53,0.4716981132075471,3.4285336624258593e-12,0.18153037719923998,0,0,0,0,0,0,0.18153037724554305
67,fixed-income-style,"[0.075, 0.45]",0.005,1.0,1.0,0.53,0.4716981132075471,-1.3622161574845044e-09,2.0234508840490183e-05,0,0,0,0,0,0,2.0234188188720507e-05
68,fixed-income-style,"[0.075, 0.45]",0.005,1.0,5.0,0.53,0.4716981132075471,8.861818511711708e-12,6.976534130272762e-11,0,0,0,0,0,0,-2.4957873736109124e-10
69,fixed-income-style,"[0.075, 0.45]",0.005,3.0,0.2,0.53,0.4716981132075471,0.00875605663347002,2.449806858865738,0,0,0,0,0,0,2.4442372632961775
70,fixed-income-style,"[0.075, 0.45]",0.005,3.0,1.0,0.53,0.4716981132075471,1.2215071721406497e-10,1.5627475727183937,0,0,0,0,0,0,1.5627475724135351
71,fixed-income-style,"[0.075, 0.45]",0.005,3.0,5.0,0.53,0.4716981132075471,1.9458360499400223e-11,7.789235713452086e-10,0,0,0,0,0,0,6.293977721081229e-10
