source,case_id,scenario,menu,revision_bp,persistence,style_prior_bp,gamma,alpha_offset_bp,uncertainty,fund_bp,etf_bp,current_fund_benefit_bp,planning_gain_bp,etf_only_current_cost_bp,etf_only_expected_next_cost_bp,myopic_current_cost_bp,myopic_expected_next_cost_bp,dynamic_current_cost_bp,dynamic_expected_next_cost_bp
revisions,0,unchanged,spanned,,,,2.5,0,0.5,5.0,2.0,-4.6205173021007795e-10,-2.551928446337115e-09,8.909729765514554e-10,0.04104826068061598,8.37235291597754e-10,0.0410482604980032,1.186854203850081e-09,0.04104826079157795
revisions,1,premium_down_persistent,spanned,,,,2.5,0,0.5,5.0,2.0,0.059543225227415064,0.06397175215464301,0.268429061690534,0.10251696609396942,0.48881931889510505,0.06276590666624611,0.6224921597827043,0.029109155834570005
revisions,2,premium_up_persistent,spanned,,,,2.5,0,0.5,5.0,2.0,0.47075128545664313,0.03657125847115594,1.6251253513619997e-09,0.45942791580970094,0.48909979088053473,0.055126496086881804,0.5881908727174484,0.05119171964972899
revisions,3,premium_down_reverting,spanned,,,,2.5,0,0.5,5.0,2.0,0.059543225227415064,0.01538346882526298,0.268429061690534,0.03755617063694552,0.48881931889510505,0.03183421156310555,0.5525589287202615,0.029476290876194314
revisions,4,premium_up_reverting,spanned,,,,2.5,0,0.5,5.0,2.0,0.47075128545664313,0.0030882466404023035,1.6251253513619997e-09,0.31728956731697644,0.48909979088053473,0.04895866084179666,0.5175459791394738,0.0495003010859523
revisions,5,alpha_up,spanned,,,,2.5,0,0.5,5.0,2.0,-1.0853611343009106e-09,0.0443569636266119,1.2124774540318617e-09,0.05148292772991266,3.4336052730710907e-09,0.051482926764585865,0.22969220091010853,0.050313740384776526
revisions,6,alpha_down,spanned,,,,2.5,0,0.5,5.0,2.0,-8.319958055835741e-10,0.058758146824445134,6.419576723456789e-10,0.053946977404135045,8.730707855541422e-10,0.05394697803462106,0.26554424868143295,0.04828414403342793
revisions,7,anticipated_down,spanned,,,,2.5,0,0.5,5.0,2.0,-4.6205173021007795e-10,-1.8725359041127376e-09,8.909729765514554e-10,0.5285791646007986,8.37235291597754e-10,0.5285791647568122,2.8261217318304384e-09,0.5285791618191736
revisions,8,anticipated_up,spanned,,,,2.5,0,0.5,5.0,2.0,-4.6205173021007795e-10,4.875317927144351e-10,8.909729765514554e-10,0.46348668194571124,8.37235291597754e-10,0.4634866823621812,1.7997189344038919e-09,0.4634866872578697
revisions,9,unchanged,spanned,,,,2.5,0,1.0,5.0,2.0,-1.4332783848658437e-09,3.4924596548080444e-10,1.1631628862634306e-09,0.02847338939155236,8.359074759547602e-10,0.028473389015988806,7.577996766367241e-10,0.028473388263755218
revisions,10,premium_down_persistent,spanned,,,,2.5,0,1.0,5.0,2.0,0.058619291279036645,0.05950060226456344,0.2681863144557677,0.09925622409172581,0.48788570348127996,0.06583994721778164,0.619135727057902,0.02262909567849425
revisions,11,premium_up_persistent,spanned,,,,2.5,0,1.0,5.0,2.0,0.46985326935339344,0.03577015523848104,1.622622920274124e-09,0.4617527797939385,0.48816559282114397,0.05230285294991681,0.5872145927914426,0.04104273582037912
revisions,12,premium_down_reverting,spanned,,,,2.5,0,1.0,5.0,2.0,0.058619291279036645,0.014687108057671594,0.2681863144557677,0.03580147743688124,0.48788570348127996,0.02360898535717247,0.5505529201075372,0.018669581794770865
revisions,13,premium_up_reverting,spanned,,,,2.5,0,1.0,5.0,2.0,0.46985326935339344,0.003323494795466786,1.622622920274124e-09,0.31960882994049,0.48816559282114397,0.03697402099220247,0.5177094668989367,0.0370398627974638
revisions,14,alpha_up,spanned,,,,2.5,0,1.0,5.0,2.0,-1.5452528145942779e-09,0.04607402143956563,1.4601258013552834e-09,0.03793475799058485,3.4239593004049434e-09,0.03793475594143247,0.2339175872338768,0.03672069532263913
revisions,15,alpha_down,spanned,,,,2.5,0,1.0,5.0,2.0,-7.417568781420414e-10,0.058713249731056294,3.749013176686429e-10,0.041116808680221675,8.68737310712658e-10,0.041116809553067096,0.26521227642211787,0.03473797968847436
revisions,16,anticipated_down,spanned,,,,2.5,0,1.0,5.0,2.0,-1.4332783848658437e-09,-1.89874072020757e-09,1.1631628862634306e-09,0.5237308324982407,8.359074759547602e-10,0.5237308327857247,4.405007400520316e-10,0.5237307790316849
revisions,17,anticipated_up,spanned,,,,2.5,0,1.0,5.0,2.0,-1.4332783848658437e-09,-1.101184921026288e-09,1.1631628862634306e-09,0.4658573715028622,8.359074759547602e-10,0.46585737282437584,2.3461016471580404e-09,0.46585739996344583
revisions,18,unchanged,spanned,,,,2.5,0,2.0,5.0,2.0,-1.4506085221910325e-09,-4.039335976813163e-09,3.1744936053575596e-10,0.3522783077961848,8.409253084716685e-10,0.3522783076176622,3.3731288580248104e-09,0.35227838852742765
revisions,19,premium_down_persistent,spanned,,,,2.5,0,2.0,5.0,2.0,0.05494232030024193,0.027314439404847235,0.26722714704876255,0.47975481428807926,0.48418667963231965,0.40304088220412837,0.5762196969218922,0.3688609041277972
revisions,20,premium_up_persistent,spanned,,,,2.5,0,2.0,5.0,2.0,0.4662952941494183,0.025647852466534005,1.6383997629863e-09,0.7797852428137944,0.4844642623533349,0.3767590874833096,0.5729614183873927,0.34460773561307895
revisions,21,premium_down_reverting,spanned,,,,2.5,0,2.0,5.0,2.0,0.05494232030024193,0.004227198564620949,0.26722714704876255,0.41798753702073854,0.48418667963231965,0.3552516457544493,0.51977371612757,0.34986183462721027
revisions,22,premium_up_reverting,spanned,,,,2.5,0,2.0,5.0,2.0,0.4662952941494183,0.003386194234053619,1.6383997629863e-09,0.6545311665379173,0.4844642623533349,0.3375703250340783,0.5165823627192677,0.33388881393772024
revisions,23,alpha_up,spanned,,,,2.5,0,2.0,5.0,2.0,-1.6533618918401771e-09,0.03692068943126969,6.079582331689812e-10,0.39139314734429853,3.423214806404357e-09,0.3913931471211408,0.21623827024481423,0.36322859015988884
revisions,24,alpha_down,spanned,,,,2.5,0,2.0,5.0,2.0,-1.890782641567057e-09,0.038620662035768305,8.409912269364847e-10,0.39628497769668886,8.748709532642305e-10,0.3962849781358363,0.22524805020484345,0.3645467801955168
revisions,25,anticipated_down,spanned,,,,2.5,0,2.0,5.0,2.0,-1.4506085221910325e-09,-2.96206792427256e-09,3.1744936053575596e-10,0.794995237926001,8.409253084716685e-10,0.7949952354403439,2.485311083116091e-10,0.7949953762431797
revisions,26,anticipated_up,spanned,,,,2.5,0,2.0,5.0,2.0,-1.4506085221910325e-09,4.128253294766182e-10,3.1744936053575596e-10,0.783409853333211,8.409253084716685e-10,0.7834098544404879,1.4939189804678814e-09,0.7834098653896193
revisions,27,unchanged,spanned,,,,2.0,0,1.0,5.0,2.0,-6.285461040533846e-11,-4.4866510506835766e-10,3.033508628628711e-10,0.028276157113515523,2.419663430912546e-10,0.028276157090226635,1.7861769495341737e-10,0.028276157106653835
revisions,28,premium_down_persistent,spanned,,,,2.0,0,1.0,5.0,2.0,0.15630480839126903,0.07391201086053911,0.3062008818679102,0.1677345552645263,0.6087219049900738,0.08087691972761611,0.7715710832939311,0.026010340195207367
revisions,29,premium_up_persistent,spanned,,,,2.0,0,1.0,5.0,2.0,0.29771660982274284,0.0719682448467438,1.027418848517007e-09,0.4600700206057228,0.48411264128971115,0.05848774790577177,0.6693581880120946,0.04113234339953193
revisions,30,premium_down_reverting,spanned,,,,2.0,0,1.0,5.0,2.0,0.15630480839126903,0.017810621819307926,0.3062008818679102,0.05940965961997407,0.6087219049900738,0.027117986989345463,0.6859509284881009,0.020788368678956403
revisions,31,premium_up_reverting,spanned,,,,2.0,0,1.0,5.0,2.0,0.29771660982274284,0.02227758856142259,1.027418848517007e-09,0.29686379764071547,0.48411264128971115,0.03772716121037242,0.5821371042150295,0.03558271381371513
revisions,32,alpha_up,spanned,,,,2.0,0,1.0,5.0,2.0,-2.972910806420259e-10,0.05805313948314961,2.989751192237623e-10,0.04105929239063155,8.767748147700674e-10,0.04105929234548557,0.2936137003437637,0.039079891070741654
revisions,33,alpha_down,spanned,,,,2.0,0,1.0,5.0,2.0,-2.5709567808007705e-10,0.07327976261117897,3.1211238519392623e-10,0.04412354768064041,9.93321338087854e-10,0.04412354769753928,0.3313014126688281,0.03601016616483212
revisions,34,anticipated_down,spanned,,,,2.0,0,1.0,5.0,2.0,-6.285461040533846e-11,-4.998796043764742e-09,3.033508628628711e-10,0.6606613270522855,2.419663430912546e-10,0.6606613268836259,2.921281286026777e-10,0.6606612225950094
revisions,35,anticipated_up,spanned,,,,2.0,0,1.0,5.0,2.0,-6.285461040533846e-11,-2.2116637410363182e-09,3.033508628628711e-10,0.46489406635284436,2.419663430912546e-10,0.46489406619281887,3.560161184213463e-08,0.4648940368227337
revisions,36,unchanged,spanned,,,,3.0,0,1.0,5.0,2.0,5.70040015190898e-10,-2.1235990743662114e-09,5.972167166696647e-10,0.02033320955780051,2.2058789125195558e-10,0.020333209233050098,1.6957794433371092e-10,0.02033321503075182
revisions,37,premium_down_persistent,spanned,,,,3.0,0,1.0,5.0,2.0,4.474422816258539e-06,0.18444433645242952,0.24248995880771515,0.04512737889599966,0.24582030874085864,0.045025507199587284,0.5153235314174214,0.016367690812577662
revisions,38,premium_up_persistent,spanned,,,,3.0,0,1.0,5.0,2.0,0.39172889341573836,0.02973137487916233,4.1262361649316553e-10,0.38603406017870306,0.40690049701119757,0.042159416897615605,0.4891545958606982,0.032012240954543275
revisions,39,premium_down_reverting,spanned,,,,3.0,0,1.0,5.0,2.0,4.474422816258539e-06,0.14686278305735812,0.24248995880771515,0.018206252575733283,0.24582030874085864,0.018212592740268384,0.4589588469942577,0.01353745193186258
revisions,40,premium_up_reverting,spanned,,,,3.0,0,1.0,5.0,2.0,0.39172889341573836,0.0026478612082740938,4.1262361649316553e-10,0.2672713643549545,0.40690049701119757,0.02809143639128046,0.4309538872676251,0.027741494057949834
revisions,41,alpha_up,spanned,,,,3.0,0,1.0,5.0,2.0,5.168274697098241e-10,0.0384662138701799,5.883500202193283e-10,0.028265993525455498,8.041939812290432e-10,0.028265992325736653,0.1951203466120164,0.027056561983940887
revisions,42,alpha_down,spanned,,,,3.0,0,1.0,5.0,2.0,-9.160103786598484e-10,0.04856629371715826,6.033886335079627e-10,0.030557653759640546,3.3268391270298005e-09,0.03055765243651889,0.2202206519345221,0.02612007405191921
revisions,43,anticipated_down,spanned,,,,3.0,0,1.0,5.0,2.0,5.70040015190898e-10,-2.0319248505984433e-09,5.972167166696647e-10,0.29923728209309897,2.2058789125195558e-10,0.29923727793658184,8.026199096945655e-10,0.2992373267927402
revisions,44,anticipated_up,spanned,,,,3.0,0,1.0,5.0,2.0,5.70040015190898e-10,-2.4716939606150845e-10,5.972167166696647e-10,0.3896176733425694,2.2058789125195558e-10,0.38961767169400674,1.7948685386983067e-09,0.3896178096888598
revisions,45,unchanged,spanned,,,,2.5,-5,1.0,5.0,2.0,6.016165343680768e-10,3.7478287140402244e-10,5.296072515716408e-10,0.024448239045787436,9.850859359681465e-11,0.02444823916230754,1.6516027130087282e-10,0.02444825729679891
revisions,46,premium_down_persistent,spanned,,,,2.5,-5,1.0,5.0,2.0,6.809059982515464e-10,0.02184282740122967,0.3494776424409833,0.03997025244012554,0.3494776419279123,0.03997025312231781,0.3967951367837153,0.0198910598894296
revisions,47,premium_up_persistent,spanned,,,,2.5,-5,1.0,5.0,2.0,4.68105554318754e-11,0.009007729193527325,0.3496008780277023,0.034738473348804116,0.34960087811143364,0.03473847372407331,0.37863633835442423,0.03244116631702313
revisions,48,premium_down_reverting,spanned,,,,2.5,-5,1.0,5.0,2.0,6.809059982515464e-10,0.000487472023621649,0.3494776424409833,0.017362951953549092,0.3494776419279123,0.01736295069141884,0.3561154044249403,0.017228203071033028
revisions,49,premium_up_reverting,spanned,,,,2.5,-5,1.0,5.0,2.0,4.68105554318754e-11,0.001720764752718651,0.3496008780277023,0.03123245114341731,0.34960087811143364,0.03123245127815447,0.33713485176800495,0.030925942246804925
revisions,50,alpha_up,spanned,,,,2.5,-5,1.0,5.0,2.0,3.6052227869731723e-10,0.05061648454974943,5.279136873266811e-10,0.034852290202067975,8.35826014049769e-10,0.03485229099741169,0.24631832214442909,0.030377582256772926
revisions,51,alpha_down,spanned,,,,2.5,-5,1.0,5.0,2.0,3.7114489259693073e-10,0.053873020373742975,5.320317552888932e-10,0.04344295807057658,8.301126397421557e-10,0.043442958656003894,0.2579014413662154,0.027255686752115576
revisions,52,anticipated_down,spanned,,,,2.5,-5,1.0,5.0,2.0,6.016165343680768e-10,-2.975440338559565e-09,5.296072515716408e-10,0.3800220315960172,9.850859359681465e-11,0.38002203135262347,2.1052246367199716e-10,0.3800220356348045
revisions,53,anticipated_up,spanned,,,,2.5,-5,1.0,5.0,2.0,6.016165343680768e-10,6.877786518089124e-08,5.296072515716408e-10,0.335978209403566,9.850859359681465e-11,0.3359782097258793,0.00010668791073999731,0.33587607950815357
revisions,54,unchanged,spanned,,,,2.5,0,1.0,0.0,0.0,1.7162733456643764e-09,5.982841153695517e-05,0.0,0.0,0.0,0.0,0.0,0.0
revisions,55,premium_down_persistent,spanned,,,,2.5,0,1.0,0.0,0.0,0.3669779722887867,4.66271872028301e-05,0.0,0.0,0.0,0.0,0.0,0.0
revisions,56,premium_up_persistent,spanned,,,,2.5,0,1.0,0.0,0.0,1.0935112485058056,4.929899245098568e-05,0.0,0.0,0.0,0.0,0.0,0.0
revisions,57,premium_down_reverting,spanned,,,,2.5,0,1.0,0.0,0.0,0.3669779722887867,4.451773861546826e-05,0.0,0.0,0.0,0.0,0.0,0.0
revisions,58,premium_up_reverting,spanned,,,,2.5,0,1.0,0.0,0.0,1.0935112485058056,5.81113449698023e-05,0.0,0.0,0.0,0.0,0.0,0.0
revisions,59,alpha_up,spanned,,,,2.5,0,1.0,0.0,0.0,0.3110682736148789,6.305658070004938e-05,0.0,0.0,0.0,0.0,0.0,0.0
revisions,60,alpha_down,spanned,,,,2.5,0,1.0,0.0,0.0,0.31106827360932243,5.841215073587591e-05,0.0,0.0,0.0,0.0,0.0,0.0
revisions,61,anticipated_down,spanned,,,,2.5,0,1.0,0.0,0.0,1.7162733456643764e-09,7.630097789501633e-05,0.0,0.0,0.0,0.0,0.0,0.0
revisions,62,anticipated_up,spanned,,,,2.5,0,1.0,0.0,0.0,1.7162733456643764e-09,3.5812357026543395e-05,0.0,0.0,0.0,0.0,0.0,0.0
revisions,63,unchanged,spanned,,,,2.5,0,1.0,0.0,2.0,-4.83758810787549e-10,6.129785653286035e-05,2.800667436638032e-10,4.902108442318992e-10,1.2535572844007643e-10,4.876304305539162e-10,1.5513228630504157e-10,2.2314420353423642e-09
revisions,64,premium_down_persistent,spanned,,,,2.5,0,1.0,0.0,2.0,0.5451088388923679,0.04538845081866327,0.26818631369486173,0.13545454603119428,0.04147081717492738,0.01734627913842089,0.13587245353041152,0.0038418324933429896
revisions,65,premium_up_persistent,spanned,,,,2.5,0,1.0,0.0,2.0,0.9565399959292051,0.04189386763491143,7.257783843851281e-10,0.04572714150286236,0.04156267228074739,0.014112602654885524,0.13198043876327728,0.003583207616768151
revisions,66,premium_down_reverting,spanned,,,,2.5,0,1.0,0.0,2.0,0.5451088388923679,0.026785606029719133,0.26818631369486173,0.13245219310287126,0.04147081717492738,0.007981477065214966,0.11377321864379873,0.0018511949182959432
revisions,67,premium_up_reverting,spanned,,,,2.5,0,1.0,0.0,2.0,0.9565399959292051,0.024110570661406427,7.257783843851281e-10,0.012807785593280756,0.04156267228074739,0.007300231609369792,0.1099895388610597,0.0015617399640956331
revisions,68,alpha_up,spanned,,,,2.5,0,1.0,0.0,2.0,0.1455511461044665,0.04538328501426747,3.3635544946803664e-10,0.07898761367428167,0.0699755325091479,0.0168361759991647,0.16422612267270958,0.0036838249249962576
revisions,69,alpha_down,spanned,,,,2.5,0,1.0,0.0,2.0,0.14555224014137735,0.041770854583646155,4.885378360459293e-11,0.07238985992697831,0.0699754378186446,0.015084125317110446,0.1604408092736575,0.003736695600189384
revisions,70,anticipated_down,spanned,,,,2.5,0,1.0,0.0,2.0,-4.83758810787549e-10,7.809720548834775e-05,2.800667436638032e-10,0.0529223631170856,1.2535572844007643e-10,0.05292236184284143,3.871105376853212e-10,0.05291979421815762
revisions,71,anticipated_up,spanned,,,,2.5,0,1.0,0.0,2.0,-4.83758810787549e-10,3.5226102014007665e-05,2.800667436638032e-10,0.04615006051332794,1.2535572844007643e-10,0.046150058770998786,1.649434375927698e-10,0.04615021693505752
revisions,72,unchanged,spanned,,,,2.5,0,1.0,20.0,2.0,-1.387327586144238e-09,-2.5749073984115967e-09,3.175871413029907e-09,0.008825982830605062,3.9157787191676516e-09,0.008825982215508954,4.430454404630332e-09,0.008825982897091302
revisions,73,premium_down_persistent,spanned,,,,2.5,0,1.0,20.0,2.0,1.070254995738651e-09,0.020633871969650386,0.26818631673092924,0.03981905095472086,0.26818631612570987,0.03981905226499711,0.3144376783317629,0.021745987526729817
revisions,74,premium_up_persistent,spanned,,,,2.5,0,1.0,20.0,2.0,-1.8599450868350687e-09,0.39172015945956673,4.037154032111229e-09,0.07370735320141851,2.3998238596534726e-08,0.07370735178617781,0.9923607523658297,0.03349767084582708
revisions,75,premium_down_reverting,spanned,,,,2.5,0,1.0,20.0,2.0,1.070254995738651e-09,0.0004876328820841991,0.26818631673092924,0.018281528591612937,0.26818631612570987,0.018281529274404983,0.2749091405615225,0.017859160708352747
revisions,76,premium_up_reverting,spanned,,,,2.5,0,1.0,20.0,2.0,-1.8599450868350687e-09,0.23273507492909573,4.037154032111229e-09,0.04609293412234371,2.3998238596534726e-08,0.046092933468810375,0.7690135102280575,0.022763364590528235
revisions,77,alpha_up,spanned,,,,2.5,0,1.0,20.0,2.0,-3.5081129112768394e-09,-1.2507541669037892e-09,1.5943409195695491e-09,0.00884022588929644,3.981457354203839e-09,0.00884022341884235,4.566435430940805e-09,0.00884022372117854
revisions,78,alpha_down,spanned,,,,2.5,0,1.0,20.0,2.0,-3.0706033271599154e-09,-1.2131891935496242e-08,2.442547342675156e-09,0.008811742820575641,3.8625789910075775e-09,0.008811741068111799,2.306391578407375e-08,0.008811741773447743
revisions,79,anticipated_down,spanned,,,,2.5,0,1.0,20.0,2.0,-1.387327586144238e-09,1.0464589195180451e-09,3.175871413029907e-09,0.29392566499769707,3.9157787191676516e-09,0.29392566388877944,3.660784572482856e-09,0.293925663615173
revisions,80,anticipated_up,spanned,,,,2.5,0,1.0,20.0,2.0,-1.387327586144238e-09,-3.885119781443791e-09,3.175871413029907e-09,0.07487856180354174,3.9157787191676516e-09,0.074878563658923,8.873178032632407e-09,0.07487876371516065
revisions,81,unchanged,spanned,,,,2.5,0,1.0,5.0,0.0,5.733085117753944e-10,-2.6927295948553365e-09,7.646235086263576e-10,0.012820840561796203,7.536747022090573e-10,0.012820841383707832,7.77009288875758e-10,0.012820844767416713
revisions,82,premium_down_persistent,spanned,,,,2.5,0,1.0,5.0,0.0,1.922266790188587e-09,0.19682846591017267,7.651641851084325e-10,0.03181700355808539,6.803874193651788e-10,0.03181700374171157,0.45530438990073907,0.009068749525490874
revisions,83,premium_up_persistent,spanned,,,,2.5,0,1.0,5.0,0.0,0.6200638674056052,0.014828420781697105,7.919469512197472e-10,0.38217724273409454,0.4005816289990098,0.03293203993007978,0.4474955198370293,0.023004327818432427
revisions,84,premium_down_reverting,spanned,,,,2.5,0,1.0,5.0,0.0,1.922266790188587e-09,0.15797374083825844,7.651641851084325e-10,0.02754948014293641,6.803874193651788e-10,0.027549480301536432,0.38894768794225115,0.009195010295577469
revisions,85,premium_up_reverting,spanned,,,,2.5,0,1.0,5.0,0.0,0.6200638674056052,4.206870025313947e-05,7.919469512197472e-10,0.27999000332291624,0.4005816289990098,0.016503733233447122,0.39814335848805876,0.016612750775893928
revisions,86,alpha_up,spanned,,,,2.5,0,1.0,5.0,0.0,9.725269478622067e-10,0.13955132541218518,7.648713676612524e-10,0.03227843113933598,1.4274308026890462e-08,0.032278433750020895,0.2935422221955215,0.01655964852261466
revisions,87,alpha_down,spanned,,,,2.5,0,1.0,5.0,0.0,1.0134542094419885e-09,0.16111917856581215,7.648131461134963e-10,0.046505783373554176,8.188372786754843e-09,0.04650579625171446,0.3172265494775729,0.012746478387288745
revisions,88,anticipated_down,spanned,,,,2.5,0,1.0,5.0,0.0,5.733085117753944e-10,-2.7913813482882688e-09,7.646235086263576e-10,0.03202014336402081,7.536747022090573e-10,0.03202014358489131,7.241307142519389e-10,0.032020149037856105
revisions,89,anticipated_up,spanned,,,,2.5,0,1.0,5.0,0.0,5.733085117753944e-10,3.9870528212304635e-06,7.646235086263576e-10,0.38512595315977705,7.536747022090573e-10,0.3851259544606237,0.0009840069666391686,0.3841829769096511
revisions,90,unchanged,spanned,,,,2.5,0,1.0,5.0,5.0,-1.7824817177825025e-09,-4.093578809261089e-10,3.6165551064648727e-10,0.03144197422201474,9.52182695713717e-10,0.031441973781286395,7.731088573725427e-10,0.03144197563413571
revisions,91,premium_down_persistent,spanned,,,,2.5,0,1.0,5.0,5.0,0.17793205107159338,0.12974694324780955,0.3418644346375713,0.2873168474886777,0.538248664774103,0.0961014986425558,0.8088641391318528,0.019442199603081176
revisions,92,premium_up_persistent,spanned,,,,2.5,0,1.0,5.0,5.0,0.2848039946411376,0.09058360235434293,2.5816649338640657e-09,0.5063785695067877,0.5384678786670898,0.06033395528675325,0.7606293400866062,0.04042234135679828
revisions,93,premium_down_reverting,spanned,,,,2.5,0,1.0,5.0,5.0,0.17793205107159338,0.05312718605929945,0.3418644346375713,0.10457953967455969,0.538248664774103,0.02704635803772222,0.7068187514623685,0.020202173600320082
revisions,94,premium_up_reverting,spanned,,,,2.5,0,1.0,5.0,5.0,0.2848039946411376,0.028358245047286346,2.5816649338640657e-09,0.31051649136772624,0.5384678786670898,0.04108938543123748,0.6589615485450276,0.04049136518216675
revisions,95,alpha_up,spanned,,,,2.5,0,1.0,5.0,5.0,-2.2041106717551884e-09,1.922160208778223e-10,5.375484312332861e-10,0.03847695680300043,3.674692494865122e-09,0.038476955024211223,3.349120688639945e-09,0.03847696573435052
revisions,96,alpha_down,spanned,,,,2.5,0,1.0,5.0,5.0,-2.4353994376724586e-09,0.0005235251556143794,6.941567657793921e-10,0.04037531910826734,2.8445522903515705e-09,0.040375319512931315,0.01581152409505243,0.03941985005318065
revisions,97,anticipated_down,spanned,,,,2.5,0,1.0,5.0,5.0,-1.7824817177825025e-09,-1.2998668807995273e-09,3.6165551064648727e-10,0.6077705579701521,9.52182695713717e-10,0.6077705581939737,1.1916868411258669e-09,0.6077705607032776
revisions,98,anticipated_up,spanned,,,,2.5,0,1.0,5.0,5.0,-1.7824817177825025e-09,-9.251408528143656e-10,3.6165551064648727e-10,0.5118832927474589,9.52182695713717e-10,0.5118832970747994,2.687137154555388e-09,0.5118832987379012
revisions,99,unchanged,spanned,,,,2.5,0,1.0,20.0,5.0,-2.935109932877822e-09,3.708038320837659e-10,2.5725478027098477e-09,0.008371265281678213,3.577041813927484e-09,0.00837126211564607,4.770950907301927e-09,0.008371261522442849
revisions,100,premium_down_persistent,spanned,,,,2.5,0,1.0,20.0,5.0,-1.0136318451259285e-09,0.13934469563430696,0.34186443590518406,0.0908722045979885,0.3418644366131669,0.0908722047995157,0.62723229748462,0.020980531278411527
revisions,101,premium_up_persistent,spanned,,,,2.5,0,1.0,20.0,5.0,-1.8985559790962725e-09,0.2716247885646794,5.871155534537586e-09,0.05825543616177888,7.907918684604975e-09,0.05825543626337776,0.9378692026407932,0.0277043960864484
revisions,102,premium_down_reverting,spanned,,,,2.5,0,1.0,20.0,5.0,-1.0136318451259285e-09,0.057187173267180924,0.34186443590518406,0.029215277644660614,0.3418644366131669,0.02921527760795919,0.5211501827084902,0.018814485418282838
revisions,103,premium_up_reverting,spanned,,,,2.5,0,1.0,20.0,5.0,-1.8985559790962725e-09,0.14217871005837424,5.871155534537586e-09,0.03611268421169389,7.907918684604975e-09,0.03611268417308433,0.6785390690826489,0.014009311722238554
revisions,104,alpha_up,spanned,,,,2.5,0,1.0,20.0,5.0,-3.992781216766161e-09,-6.241123173822416e-10,2.3692213065117716e-09,0.008406862771844598,3.6829503293374552e-09,0.008406859707465903,5.633821517061269e-09,0.00840685923607068
revisions,105,alpha_down,spanned,,,,2.5,0,1.0,20.0,5.0,-3.763581446492026e-09,8.151346264639869e-11,1.3538604079417133e-09,0.008335667228182898,3.523999273637405e-09,0.008335664543717368,5.505351695258892e-09,0.00833566404152289
revisions,106,anticipated_down,spanned,,,,2.5,0,1.0,20.0,5.0,-2.935109932877822e-09,8.05641775514232e-10,2.5725478027098477e-09,0.41467208956791135,3.577041813927484e-09,0.41467208746054574,4.2244852445540855e-09,0.41467208771793
revisions,107,anticipated_up,spanned,,,,2.5,0,1.0,20.0,5.0,-2.935109932877822e-09,-2.1739197109127417e-09,2.5725478027098477e-09,0.05888581024211489,3.577041813927484e-09,0.05888580823158155,1.0671047065240713e-08,0.0588858121994044
extension,0,unchanged,spanned,0,persistent,0,2.5,0,1.0,5.0,2.0,-1.4332783848658437e-09,3.4924596548080444e-10,1.1631628862634306e-09,0.02847338939155236,8.359074759547602e-10,0.028473389015988806,7.577996766367241e-10,0.028473388263755218
extension,1,duration_up,spanned,10,persistent,0,2.5,0,1.0,5.0,2.0,0.02685232192494169,0.2616510558706864,0.0495706014241287,0.16907612636874247,0.1439326452412083,0.11580517381452345,0.7454273183732626,0.035187492514955995
extension,2,duration_down,spanned,-10,persistent,0,2.5,0,1.0,5.0,2.0,0.0413345511780534,0.22135783443306423,1.5682034099066435e-09,0.20804678100541815,0.16190281783765692,0.08878888405291792,0.708884665779125,0.027562119575753937
extension,3,credit_premium_up,spanned,15,persistent,0,2.5,0,1.0,5.0,2.0,0.23112777394382533,0.30667073981879867,0.2449907670048294,0.6596975057544628,0.856661852215625,0.09923972145962168,1.4907542476758049,0.021955484995463417
extension,4,credit_premium_down,spanned,-15,persistent,0,2.5,0,1.0,5.0,2.0,0.3459308404216088,0.42059604340342105,2.0410348689976042e-09,0.9866229330703262,0.9432268267197885,0.1711760772799433,1.8255865653265062,0.04166185045045167
extension,5,credit_alpha_up,spanned,5,persistent,0,2.5,0,1.0,5.0,2.0,-3.935909376195923e-10,0.02163590577694663,1.2089385366491363e-09,0.04538818638995796,3.176430037161754e-09,0.04538818576825099,0.08953074050805045,0.034021925249852716
extension,6,credit_alpha_down,spanned,-5,persistent,0,2.5,0,1.0,5.0,2.0,-1.6084413800854236e-09,0.0093005750056534,1.3018118346635731e-09,0.04147200570106138,4.767336581409773e-09,0.04147200566915631,0.057962205936656845,0.039630756903392475
extension,7,style,unspanned,-40,persistent,10,2.5,0,1.0,5.0,2.0,6.300076641473886,0.202691933674771,1.046822049634135e-09,4.3640366624941205,4.284333564954148,0.07921541921654357,4.818134651144464,0.04506263609737647
extension,8,style,unspanned,-20,persistent,10,2.5,0,1.0,5.0,2.0,0.588007851057597,0.5373510705553315,1.5276350244131162e-09,1.5631409537670493,1.5349008089967182,0.16335806790676263,2.6930116220138447,0.03615772839962027
extension,9,style,unspanned,-10,persistent,10,2.5,0,1.0,5.0,2.0,1.0296474783899612e-10,0.28581218432913147,1.5279415335269002e-09,0.10922296670867016,1.0909403371513345e-08,0.10922293274409942,0.7672942520293532,0.03869091223409184
extension,10,style,unspanned,0,persistent,10,2.5,0,1.0,5.0,2.0,5.566818117586081e-10,-1.3520065067496034e-09,1.5280366537192545e-09,0.028073787502932438,5.923897390393146e-10,0.02807378682996957,8.9227939281692e-10,0.02807378721402796
extension,11,style,unspanned,10,persistent,10,2.5,0,1.0,5.0,2.0,-1.2419008044162183e-09,0.27098332699222283,1.5181244636838693e-09,0.09901825109943449,5.301167280325337e-07,0.09901814156881526,0.7459705038781174,0.04156644433968235
extension,12,style,unspanned,20,persistent,10,2.5,0,1.0,5.0,2.0,0.5880887462242157,0.49315141171868504,1.4867624257654286e-09,1.5086472765945094,1.535138311449289,0.13245667367336733,2.5068058927464367,0.040342414347458146
extension,13,style,unspanned,40,persistent,10,2.5,0,1.0,5.0,2.0,5.23871036926073,0.22157835439489304,1.3982382921354393e-09,3.762170599922997,3.7436337417820704,0.10318044368570556,4.2546047288263695,0.049404997910396174
extension,14,style,unspanned,-40,reverting,10,2.5,0,1.0,5.0,2.0,6.300076641473886,0.07329046686035667,1.046822049634135e-09,3.773885020463608,4.284333564954148,0.04053961178437041,4.593994511258883,0.03464173855325303
extension,15,style,unspanned,-20,reverting,10,2.5,0,1.0,5.0,2.0,0.588007851057597,0.24406644983824322,1.5276350244131162e-09,0.8336856522406302,1.5349008089967182,0.056449193326549164,2.2988205218367956,0.02898724488101791
extension,16,style,unspanned,-10,reverting,10,2.5,0,1.0,5.0,2.0,1.0296474783899612e-10,0.1746164335301188,1.5279415335269002e-09,0.0671004847251323,1.0909403371513345e-08,0.06710048131668737,0.5843915111497974,0.032719217423787764
extension,17,style,unspanned,0,reverting,10,2.5,0,1.0,5.0,2.0,5.566818117586081e-10,-1.3520065067496034e-09,1.5280366537192545e-09,0.028073787502932438,5.923897390393146e-10,0.02807378682996957,8.9227939281692e-10,0.02807378721402796
extension,18,style,unspanned,10,reverting,10,2.5,0,1.0,5.0,2.0,-1.2419008044162183e-09,0.1624964447581192,1.5181244636838693e-09,0.06259587913867831,5.301167280325337e-07,0.06259583295162711,0.5622610067512738,0.03496293984514528
extension,19,style,unspanned,20,reverting,10,2.5,0,1.0,5.0,2.0,0.5880887462242157,0.2287591243162126,1.4867624257654286e-09,0.8015782639450287,1.535138311449289,0.06708187877569738,2.2720429638653035,0.03779589153371376
extension,20,style,unspanned,40,reverting,10,2.5,0,1.0,5.0,2.0,5.23871036926073,0.07694836055929954,1.3982382921354393e-09,2.9858711866767838,3.7436337417820704,0.052155834645581996,4.063365182565666,0.0441924262899308
extension,21,style,unspanned,-40,persistent,20,2.5,0,1.0,5.0,2.0,6.294185403686825,0.2021193504894967,1.0462239379775667e-09,4.364865605379774,4.2830095593821556,0.07819825832836073,4.815521990897364,0.0450541496723729
extension,22,style,unspanned,-20,persistent,20,2.5,0,1.0,5.0,2.0,0.587317623429648,0.5339860452451575,1.5269199198726715e-09,1.5614828570114088,1.5329924735162488,0.182136712921482,2.6895329739542237,0.03619019801887565
extension,23,style,unspanned,-10,persistent,20,2.5,0,1.0,5.0,2.0,1.0261658189847367e-10,0.2841900301236677,1.5272253887901671e-09,0.11711852953196135,1.0897859738189181e-08,0.11711854861537033,0.7663099410015352,0.038682450929381156
extension,24,style,unspanned,0,persistent,20,2.5,0,1.0,5.0,2.0,5.562625915445096e-10,-1.5258905250448151e-09,1.5273224233176948e-09,0.028073619258917184,5.920703084988456e-10,0.028073618525310755,8.708592037128403e-10,0.028073618930490703
extension,25,style,unspanned,10,persistent,20,2.5,0,1.0,5.0,2.0,-1.2394636428325612e-09,0.2696298162667006,1.517445745801573e-09,0.10804492698232093,5.290589210499733e-07,0.10804483432714324,0.7454023690312892,0.04157338559129931
extension,26,style,unspanned,20,persistent,20,2.5,0,1.0,5.0,2.0,0.5873983153635294,0.4910769644696984,1.486120875082874e-09,1.5079728549294626,1.5332293967415462,0.14807555479199563,2.506445487957554,0.04040097575660998
extension,27,style,unspanned,40,persistent,20,2.5,0,1.0,5.0,2.0,5.23638228114487,0.22263921657952324,1.39767395903414e-09,3.753978274986115,3.7421408744153553,0.10136636137543109,4.254905312072162,0.04927864569994208
extension,28,style,unspanned,-40,reverting,20,2.5,0,1.0,5.0,2.0,6.294185403686825,0.07291919518578993,1.0462239379775667e-09,3.7593376267052183,4.2830095593821556,0.040519886500482785,4.591843302533439,0.03464515482687603
extension,29,style,unspanned,-20,reverting,20,2.5,0,1.0,5.0,2.0,0.587317623429648,0.24382476969418576,1.5269199198726715e-09,0.834411989353918,1.5329924735162488,0.05671647801448484,2.2957572701043256,0.028997836735383475
extension,30,style,unspanned,-10,reverting,20,2.5,0,1.0,5.0,2.0,1.0261658189847367e-10,0.1742306592820455,1.5272253887901671e-09,0.06955911662937503,1.0897859738189181e-08,0.0695591128273278,0.5835867465430692,0.032719666840726185
extension,31,style,unspanned,0,reverting,20,2.5,0,1.0,5.0,2.0,5.562625915445096e-10,-1.5258905250448151e-09,1.5273224233176948e-09,0.028073619258917184,5.920703084988456e-10,0.028073618525310755,8.708592037128403e-10,0.028073618930490703
extension,32,style,unspanned,10,reverting,20,2.5,0,1.0,5.0,2.0,-1.2394636428325612e-09,0.16233753534302764,1.517445745801573e-09,0.06500272549668117,5.290589210499733e-07,0.06500265721622213,0.5618835053270671,0.0349620403102576
extension,33,style,unspanned,20,reverting,20,2.5,0,1.0,5.0,2.0,0.5873983153635294,0.22882871585841258,1.486120875082874e-09,0.8029413404570067,1.5332293967415462,0.06901064882492561,2.2702474809117943,0.037800506916845146
extension,34,style,unspanned,40,reverting,20,2.5,0,1.0,5.0,2.0,5.23638228114487,0.07727606450487201,1.39767395903414e-09,2.9855552243059145,3.7421408744153553,0.05429745162820313,4.063618738401907,0.04420392376745956
extension,35,style,unspanned,-40,persistent,40,2.5,0,1.0,5.0,2.0,6.270691536068263,0.19629843970365357,1.0438408379457333e-09,4.326227999089931,4.277746562960725,0.10844367781899267,4.803045359338363,0.06097409982861919
extension,36,style,unspanned,-20,persistent,40,2.5,0,1.0,5.0,2.0,0.5845733798534241,0.4937035960356013,1.5240263863113206e-09,1.5905146486036024,1.5254052122894322,0.2652218966290921,2.644458136972888,0.09412292325385233
extension,37,style,unspanned,-10,persistent,40,2.5,0,1.0,5.0,2.0,1.0125233984581428e-10,0.25560786258586177,1.5243310469226511e-09,0.2013168430739238,1.0851076692625778e-08,0.20131684264486172,0.7306497358054229,0.10231400930299434
extension,38,style,unspanned,0,persistent,40,2.5,0,1.0,5.0,2.0,5.546496595343342e-10,-7.131575330276974e-10,1.5244343437145556e-09,0.06341627555091825,5.907437896759393e-10,0.06341627462551414,7.966713115961477e-10,0.06341627423163666
extension,39,style,unspanned,10,persistent,40,2.5,0,1.0,5.0,2.0,-1.2298073670535814e-09,0.24315916468992782,1.5147028943908509e-09,0.18909845826458604,5.248411624385649e-07,0.18909833433242323,0.7118626720208646,0.10269558453861957
extension,40,style,unspanned,20,persistent,40,2.5,0,1.0,5.0,2.0,0.5846532662923636,0.4608581800064826,1.4835248689164784e-09,1.5099537428189953,1.5256398395794972,0.20086311745832264,2.4877603086776285,0.06855203816138268
extension,41,style,unspanned,40,persistent,40,2.5,0,1.0,5.0,2.0,5.227042914896835,0.22432813351076675,1.395394560743665e-09,3.728686220302574,3.7361642751724014,0.1123693078308039,4.255852751693905,0.04927923511645991
extension,42,style,unspanned,-40,reverting,40,2.5,0,1.0,5.0,2.0,6.270691536068263,0.07117041207175134,1.0438408379457333e-09,3.6772070792391838,4.277746562960725,0.043808470293242134,4.583225718929153,0.03589211352240503
extension,43,style,unspanned,-20,reverting,40,2.5,0,1.0,5.0,2.0,0.5845733798534241,0.22358072107303428,1.5240263863113206e-09,0.9013781108900215,1.5254052122894322,0.13111886922175683,2.261971260004126,0.07921829390268176
extension,44,style,unspanned,-10,reverting,40,2.5,0,1.0,5.0,2.0,1.0125233984581428e-10,0.15485057464597674,1.5243310469226511e-09,0.14264229473741066,1.0851076692625778e-08,0.14264230302124536,0.5529089309506026,0.0881196425056847
extension,45,style,unspanned,0,reverting,40,2.5,0,1.0,5.0,2.0,5.546496595343342e-10,-7.131575330276974e-10,1.5244343437145556e-09,0.06341627555091825,5.907437896759393e-10,0.06341627462551414,7.966713115961477e-10,0.06341627423163666
extension,46,style,unspanned,10,reverting,40,2.5,0,1.0,5.0,2.0,-1.2298073670535814e-09,0.14459803763438117,1.5147028943908509e-09,0.1376114759093497,5.248411624385649e-07,0.13761141226854118,0.5334186534783542,0.08960919585819906
extension,47,style,unspanned,20,reverting,40,2.5,0,1.0,5.0,2.0,0.5846532662923636,0.2115094872380041,1.4835248689164784e-09,0.8490525572520414,1.5256398395794972,0.11606005894313713,2.2427254916298605,0.06254767035949702
extension,48,style,unspanned,40,reverting,40,2.5,0,1.0,5.0,2.0,5.227042914896835,0.07618041136510101,1.395394560743665e-09,2.9446973626200075,3.7361642751724014,0.058004644634029524,4.064606066135858,0.04427641783131235
