case_id,block,gamma,uncertainty,alpha_offset_bp,fund_bp,etf_bp,menu,scenario,revision_bp,style_prior_bp,persistence,initial_cash,static_error,old_beliefs_max_trade,gain_bp,current_fund_permission_gain_bp,status,states,objective_error,seconds,warning_count,myopic_cash,myopic_etfs_pct,myopic_funds_pct,myopic_gross_trade_pct,myopic_gross_fund_trade_pct,myopic_cost0_bp,myopic_score0_bp,myopic_continuation_bp,myopic_value_bp,myopic_expected_cost1_bp,myopic_future_min_cash,myopic_budget_error,dynamic_cash,dynamic_etfs_pct,dynamic_funds_pct,dynamic_gross_trade_pct,dynamic_gross_fund_trade_pct,dynamic_cost0_bp,dynamic_score0_bp,dynamic_continuation_bp,dynamic_value_bp,dynamic_expected_cost1_bp,dynamic_future_min_cash,dynamic_budget_error,etf_only_cash,etf_only_etfs_pct,etf_only_funds_pct,etf_only_gross_trade_pct,etf_only_gross_fund_trade_pct,etf_only_cost0_bp,etf_only_score0_bp,etf_only_continuation_bp,etf_only_value_bp,etf_only_expected_cost1_bp,etf_only_future_min_cash,etf_only_budget_error
0,spanned,2.5,1.0,0,5.0,2.0,spanned,unchanged,0,0,persistent,3.5830227673727677e-12,1.9667356686292603e-06,1.0025680417087816e-10,3.4924596548080444e-10,-1.4332783848658437e-09,optimal,432,1.3051192071511508e-13,5.026083417236805,0,1.8712638448964524e-11,20.467537919608127,79.53246207851225,1.853004019125691e-08,1.551022240432073e-08,8.359074759547602e-10,57.926064797956776,58.15548176233591,116.08154656029268,0.028473389015988806,4.198567893112939e-12,4.955027222853992e-16,1.499311978704981e-13,20.467537922753483,79.53246207722395,1.8855100082790745e-08,1.2689922499363638e-08,7.577996766367241e-10,57.92606479836946,58.15548176227246,116.08154656064193,0.028473388263755218,2.2772630454265513e-11,4.951787559520215e-16,-7.593253705016925e-11,20.46753793760171,79.5324620699799,3.854793022246347e-08,1.307347606047204e-08,1.1631628862634306e-09,57.926064799390055,58.15548176329594,116.08154656268599,0.02847338939155236,4.829641096585306e-12,7.59329811393791e-11
1,spanned,2.5,1.0,0,5.0,2.0,spanned,duration_up,10,0,persistent,3.5830227673727677e-12,1.9667356686292603e-06,1.0025680417087816e-10,0.2616510558706864,0.02685232192494169,optimal,432,1.7030474253054706e-13,5.011319667100906,0,1.190478084831686e-11,18.410329465978947,81.58823120637815,4.112977990250093,2.055769514540215,0.1439326452412083,59.50177893253908,59.93755869895945,119.43933763149853,0.11580517381452345,-2.1813851316639446e-12,5.847339485439557e-16,1.048401583646566e-11,18.536249632393105,81.45629609337476,16.067319337982376,14.136031053787173,0.7454273183732626,59.33570897460616,60.365279712763055,119.70098868736922,0.035187492514955995,2.5396774228992128e-11,4.86318884468373e-16,-3.694878399483517e-12,20.467042219976495,79.53246207437876,2.478530058107211,8.732816232888136e-09,0.0495706014241287,59.47492661061414,59.83106277826412,119.30598938887826,0.16907612636874247,-3.743041385737347e-12,3.695322488693367e-12
2,spanned,2.5,1.0,0,5.0,2.0,spanned,duration_down,-10,0,persistent,3.5830227673727677e-12,1.9667356686292603e-06,1.0025680417087816e-10,0.22135783443306423,0.0413345511780534,optimal,432,1.8646022226231906e-13,5.004121582955122,0,4.316678614492593e-11,22.779278743918546,77.21910222358639,4.625100856590976,2.3133600235279124,0.16190281783765692,56.43259317997924,56.823537721669666,113.2561309016489,0.08878888405291792,2.3865440060364534e-12,4.6140933955551855e-16,5.945197714121372e-11,22.455308078859897,77.53760306853712,15.370355417048284,13.382585247938644,0.708884665779125,56.284535723006144,57.19295301307583,113.47748873608197,0.027562119575753937,7.018479063035247e-11,4.65827463408397e-16,2.939434485957869e-11,20.467537934926813,79.53246206211807,4.700719034232263e-08,2.0935320102006373e-08,1.5682034099066435e-09,56.39125862880119,56.67936464074156,113.07062326954275,0.20804678100541815,1.549890878344614e-12,5.860742117322744e-16
3,spanned,2.5,1.0,0,5.0,2.0,spanned,credit_premium_up,15,0,persistent,3.5830227673727677e-12,1.9667356686292603e-06,1.0025680417087816e-10,0.30667073981879867,0.23112777394382533,optimal,432,3.7116143491999765e-14,5.033685791771859,1,3.266185527605898e-11,29.251529199060965,70.7399041791507,29.64425351012798,8.792559400435513,0.856661852215625,64.48786991780898,65.70442378679687,130.19229370460585,0.09923972145962168,2.862887597270197e-12,4.261592164225836e-16,3.2763653145780405e-11,22.085409433412888,77.89968302083399,40.31908336541635,22.81241934558259,1.4907542476758049,64.33531660162534,66.16364784279932,130.49896444442464,0.021955484995463417,3.705576930100162e-11,5.275998821857586e-16,-1.071766923460885e-11,20.46508802587246,79.53246206752924,12.24953832693176,1.5539807040917227e-08,0.2449907670048294,64.25674214386515,65.10423309424374,129.3609752381089,0.6596975057544628,-1.2501599419307424e-12,1.0717891279213776e-11
4,spanned,2.5,1.0,0,5.0,2.0,spanned,credit_premium_down,-15,0,persistent,3.5830227673727677e-12,1.9667356686292603e-06,1.0025680417087816e-10,0.42059604340342105,0.3459308404216088,optimal,432,3.1913360842850125e-13,4.974275333806872,1,1.6258599325256855e-11,25.731912369349953,74.258655360757,22.023161211351372,16.7587867497587,0.9432268267197885,52.19726458934317,53.3465444978873,105.54380908723047,0.1711760772799433,5.038760831103592e-12,4.933526460623727e-16,1.4763629202626735e-11,27.59685309355147,72.3848910393189,40.78932041866771,33.66000523177174,1.8255865653265062,51.98106326061576,53.98334187001813,105.96440513063389,0.04166185045045167,2.7949728943483902e-11,5.606680484465665e-16,1.3327953638245386e-11,20.46753794127963,79.53246205736716,6.35224088313704e-08,2.5686223079006536e-08,2.0410348689976042e-09,51.85133374892156,52.43470799237052,104.28604174129208,0.9866229330703262,-4.67920407282163e-13,6.14406040081769e-16
5,spanned,2.5,1.0,0,5.0,2.0,spanned,credit_alpha_up,5,0,persistent,3.5830227673727677e-12,1.9667356686292603e-06,1.0025680417087816e-10,0.02163590577694663,-3.935909376195923e-10,optimal,432,2.8218573311367123e-13,4.973366666119546,0,1.6245472858610812e-11,20.467537898250114,79.53246210009357,7.453151745608166e-08,5.619332293467069e-08,3.176430037161754e-09,59.46047359049679,59.70946053166158,119.16993412215837,0.04538818576825099,3.633197570378742e-12,4.675176905967896e-16,7.800702411731237e-11,19.187887850110226,80.81121683468398,2.558404850047856,1.2787547835697772,0.08953074050805045,59.42320999540745,59.76836003252786,119.19157002793531,0.034021925249852716,8.792664558547386e-11,5.7626192500551815e-16,-1.5435125780064616e-11,20.467537935208664,79.53246206632276,3.5350983391137e-08,1.6730628960879873e-08,1.2089385366491363e-09,59.46047359089038,59.70946052879988,119.16993411969025,0.04538818638995796,8.572131001446763e-12,1.5435569869274466e-11
6,spanned,2.5,1.0,0,5.0,2.0,spanned,credit_alpha_down,-5,0,persistent,3.5830227673727677e-12,1.9667356686292603e-06,1.0025680417087816e-10,0.0093005750056534,-1.6084413800854236e-09,optimal,432,4.687777943601645e-13,4.957951124757528,0,2.6899793969292428e-11,20.467537969791994,79.53246202747034,1.2726894298529482e-07,7.40652573901292e-08,4.767336581409773e-09,56.39165600373106,56.610820677232205,113.00247668096327,0.04147200566915631,5.335923047216061e-12,6.443948593604722e-16,2.270438387637515e-11,21.295155408482902,78.70426496718729,1.6558146173506192,0.8281971196548154,0.057962205936656845,56.37016510034768,56.641612155621246,113.01177725596892,0.039630756903392475,3.756625238882311e-11,5.450673956240368e-16,-1.2532183391871963e-11,20.467537936327407,79.53246206491279,3.7879696346492586e-08,1.8140596924457374e-08,1.3018118346635731e-09,56.3916560053395,56.61082067509333,113.00247668043284,0.04147200570106138,3.902602924794798e-12,1.2532627481081813e-11
7,unspanned,2.5,1.0,0,5.0,2.0,unspanned,style,-40,10,persistent,2.630340389941921e-12,1.2353204904974602e-06,7.12243372246902e-11,0.202691933674771,6.300076641473886,optimal,520,1.4574799700461938e-13,5.998683874960989,5,1.9103159646597506e-11,21.861858587549005,78.09529807489115,85.6866713163604,85.68667128756466,4.284333564954148,60.724319722399564,65.35009675291215,126.07441647531172,0.07921541921654357,2.9124948917188463e-12,4.479381275623862e-16,1.441162136460103e-11,21.813667091466353,78.13815156058106,96.39160790855063,96.34341643244838,4.818134651144464,60.57207885003557,65.70502955895093,126.27710840898649,0.04506263609737647,2.7977952311679377e-11,4.824157566474252e-16,-2.093286477982189e-11,21.861858582233634,78.13814141984918,3.386230635944083e-08,1.2319197414843947e-08,1.046822049634135e-09,54.42424308092568,61.011309677925325,115.435552758851,4.3640366624941205,1.0020819623309668e-11,2.093330886903174e-11
8,unspanned,2.5,1.0,0,5.0,2.0,unspanned,style,-20,10,persistent,2.630340389941921e-12,1.2353204904974602e-06,7.12243372246902e-11,0.5373510705553315,0.588007851057597,optimal,520,2.390605075008878e-13,5.958835709374398,5,1.838453784282386e-11,21.861858596181847,78.12279239388974,30.698016197564787,30.698016168180743,1.5349008089967182,56.6988861625084,58.519194395751754,115.21808055826016,0.16335806790676263,3.3040014409298213e-12,3.547780558915692e-16,3.0967795060059256e-11,23.840766659210253,76.13230322147284,55.047577302639915,53.068669198701535,2.6930116220138447,56.40036691855784,59.35506471025764,115.75543162881549,0.03615772839962027,4.118846356918147e-11,3.4423418976414766e-16,-2.6174332634231214e-11,21.861858590396103,78.13814141220607,4.6438255591860236e-08,1.9962330419197055e-08,1.5276350244131162e-09,56.110878311450804,56.99293480180391,113.10381311325472,1.5631409537670493,1.277807777665986e-11,2.6174776723441064e-11
9,unspanned,2.5,1.0,0,5.0,2.0,unspanned,style,-10,10,persistent,2.630340389941921e-12,1.2353204904974602e-06,7.12243372246902e-11,0.28581218432913147,1.0296474783899612e-10,optimal,520,2.2382269648790754e-13,5.956717791967094,5,3.526091089977086e-11,21.861858563883832,78.13814143248099,2.2040061850436458e-07,2.1671303338086855e-07,1.0909403371513345e-08,56.95419592709525,57.20025851864656,114.1544544457418,0.10922293274409942,1.864297290762179e-12,4.496822808133355e-16,2.1667417724391055e-11,21.86185856156953,78.13046849374345,15.345885044211022,15.345885038171096,0.7672942520293532,56.71608425959333,57.72418237047761,114.44026663007094,0.03869091223409184,3.223916509323627e-11,5.830026131997679e-16,-2.6205752942642243e-11,21.861858590402772,78.13814141220253,4.644829165276542e-08,1.996585668238639e-08,1.5279415335269002e-09,56.954195926992284,57.20025850813505,114.15445443512733,0.10922296670867016,5.011043907295412e-12,2.6206197031852093e-11
10,unspanned,2.5,1.0,0,5.0,2.0,unspanned,style,0,10,persistent,2.630340389941921e-12,1.2353204904974602e-06,7.12243372246902e-11,-1.3520065067496034e-09,5.566818117586081e-10,optimal,520,2.792262948636548e-13,5.9294191668741405,5,1.2034047908905952e-11,21.86185856998655,78.13814142880413,1.3298572795651247e-08,1.0880609437542995e-08,5.923897390393146e-10,57.79751354309144,58.030405150495696,115.82791869358714,0.02807378682996957,-1.1515327574564036e-13,5.62589598804832e-16,1.7830203792966744e-11,21.86185856296118,78.13814143524688,2.272897861193102e-08,1.458999401927665e-08,8.9227939281692e-10,57.79751354283662,58.030405149398504,115.82791869223513,0.02807378721402796,2.6459065895299144e-11,6.441163280446913e-16,-2.6215049239842924e-11,21.861858590404808,78.13814141220143,4.645138596618213e-08,1.9966964479853728e-08,1.5280366537192545e-09,57.79751354253476,58.030405150129916,115.82791869266467,0.028073787502932438,-2.1173604311444923e-13,2.6215493329052774e-11
11,unspanned,2.5,1.0,0,5.0,2.0,unspanned,style,10,10,persistent,2.630340389941921e-12,1.2353204904974602e-06,7.12243372246902e-11,0.27098332699222283,-1.2419008044162183e-09,optimal,520,3.703339718219567e-13,6.018280625343323,5,2.7983569694264943e-11,21.861858565725154,78.13814142617532,1.0604916079047357e-05,1.0600613548386217e-05,5.301167280325337e-07,58.6408311568115,58.90684673321312,117.54767789002463,0.09901814156881526,1.5464014346388416e-12,4.898198318280705e-16,2.1896871048678913e-11,21.861858561434637,78.1306817313369,14.919410081242718,14.919410075108768,0.7459705038781174,58.413194308608944,59.4054669084079,117.81866121701685,0.04156644433968235,3.006997539964536e-11,5.017552128991354e-16,-2.466126222003128e-11,21.861858590123987,78.13814141232697,4.614408865963105e-08,1.9841423016374938e-08,1.5181244636838693e-09,58.6408311580534,58.90684624028428,117.54767739833768,0.09901825109943449,3.916374359145755e-12,2.466170630924113e-11
12,unspanned,2.5,1.0,0,5.0,2.0,unspanned,style,20,10,persistent,2.630340389941921e-12,1.2353204904974602e-06,7.12243372246902e-11,0.49315141171868504,0.5880887462242157,optimal,520,2.3393439962937634e-13,5.957273040898144,5,1.3015363662044824e-11,21.86185856213652,78.12279005344746,30.70276624074414,30.70276622114687,1.535138311449289,60.07223751976121,61.898492653900945,121.97073017366216,0.13245667367336733,6.89375607380166e-12,4.469894506614613e-16,1.9098135074259448e-11,19.42726656960194,80.54766536956079,51.59687305370871,49.16228105574207,2.5068058927464367,59.85212515204592,62.61175643333493,122.46388158538085,0.040342414347458146,3.119004629358957e-11,5.875291572698949e-16,-2.043535695783296e-11,21.86185858930837,78.13814141272032,4.516599689953919e-08,1.9448082925821493e-08,1.4867624257654286e-09,59.484148773536994,60.38018588134298,119.86433465487997,1.5086472765945094,4.921452568390494e-12,2.043580104704281e-11
13,unspanned,2.5,1.0,0,5.0,2.0,unspanned,style,40,10,persistent,2.630340389941921e-12,1.2353204904974602e-06,7.12243372246902e-11,0.22157835439489304,5.23871036926073,optimal,520,3.8701160331999773e-13,5.922540749888867,5,1.905873419152937e-11,1.8365252523525954,98.12603840832372,86.88787482477099,66.862541509555,3.7436337417820704,66.40949437375784,70.50285232115066,136.91234669490848,0.10318044368570556,2.1644963797448993e-12,6.457508139323664e-16,5.478323003571539e-11,8.185453551926315e-09,99.95745393904798,98.20920971215725,76.34735115277414,4.2546047288263695,66.28351974437217,70.8504053049312,137.13392504930337,0.049404997910396174,6.577615979197484e-11,5.030698080332741e-16,-1.0031316288407285e-11,21.861858587159013,78.13814141383016,4.2404547708549757e-08,1.833824459881481e-08,1.3982382921354393e-09,61.17078400449711,66.71964730601901,127.89043131051612,3.762170599922997,9.55762720486128e-12,1.0031760377617136e-11
14,unspanned,2.5,1.0,0,5.0,2.0,unspanned,style,-40,10,reverting,2.630340389941921e-12,1.2353204904974602e-06,7.12243372246902e-11,0.07329046686035667,6.300076641473886,optimal,520,3.710157181480156e-13,5.92455945815891,5,1.9103159646597506e-11,21.861858587549005,78.09529807489115,85.6866713163604,85.68667128756466,4.284333564954148,60.724319722399564,62.96679872131587,123.69111844371542,0.04053961178437041,2.4677587606759844e-12,4.479381275623862e-16,2.124785113480354e-11,21.861858561093086,78.09220149166956,91.87989022911631,91.87989022255188,4.593994511258883,60.659170976379116,63.10523793419666,123.76440891057578,0.03464173855325303,1.8973335523411825e-11,4.852888924045118e-16,-2.093286477982189e-11,21.861858582233634,78.13814141984918,3.386230635944083e-08,1.2319197414843947e-08,1.046822049634135e-09,54.42424308092568,58.778199584344684,113.20244266527035,3.773885020463608,5.655844933019627e-12,2.093330886903174e-11
15,unspanned,2.5,1.0,0,5.0,2.0,unspanned,style,-20,10,reverting,2.630340389941921e-12,1.2353204904974602e-06,7.12243372246902e-11,0.24406644983824322,0.588007851057597,optimal,520,5.059459795564436e-13,5.847458958160132,5,1.838453784282386e-11,21.861858596181847,78.12279239388974,30.698016197564787,30.698016168180743,1.5349008089967182,56.6988861625084,58.282456749505585,114.98134291201399,0.056449193326549164,2.911722092277004e-12,5.33400363808556e-16,3.229259291611178e-11,22.969818658059722,77.00719313349266,46.641186498773926,45.533226395377234,2.2988205218367956,56.56404443711424,58.661364924737995,115.22540936185223,0.02898724488101791,4.823105477014863e-11,4.642011601496687e-16,-2.6174332634231214e-11,21.861858590396103,78.13814141220607,4.6438255591860236e-08,1.9962330419197055e-08,1.5276350244131162e-09,56.110878311450804,56.90834389010132,113.01922220155213,0.8336856522406302,1.4363016255947852e-11,2.6174776723441064e-11
16,unspanned,2.5,1.0,0,5.0,2.0,unspanned,style,-10,10,reverting,2.630340389941921e-12,1.2353204904974602e-06,7.12243372246902e-11,0.1746164335301188,1.0296474783899612e-10,optimal,520,3.837694051433971e-13,5.892185083124787,5,3.526091089977086e-11,21.861858563883832,78.13814143248099,2.2040061850436458e-07,2.1671303338086855e-07,1.0909403371513345e-08,56.95419592709525,57.35797389618811,114.31216982328337,0.06710048131668737,1.3960958922406778e-12,4.496822808133355e-16,1.7863499125281377e-11,21.861858561066544,78.13229752203561,11.687830226926762,11.687830220375407,0.5843915111497974,56.80007725044623,57.68670900636726,114.48678625681349,0.032719217423787764,4.768539559665006e-11,4.547482724583107e-16,-2.6205752942642243e-11,21.861858590402772,78.13814141220253,4.644829165276542e-08,1.996585668238639e-08,1.5279415335269002e-09,56.954195926992284,57.357973887453234,114.31216981444553,0.0671004847251323,2.9227442541928175e-12,2.6206197031852093e-11
17,unspanned,2.5,1.0,0,5.0,2.0,unspanned,style,0,10,reverting,2.630340389941921e-12,1.2353204904974602e-06,7.12243372246902e-11,-1.3520065067496034e-09,5.566818117586081e-10,optimal,520,2.792262948636548e-13,5.902472625020891,5,1.2034047908905952e-11,21.86185856998655,78.13814142880413,1.3298572795651247e-08,1.0880609437542995e-08,5.923897390393146e-10,57.79751354309144,58.030405150495696,115.82791869358714,0.02807378682996957,-1.1515327574564036e-13,5.62589598804832e-16,1.7830203792966744e-11,21.86185856296118,78.13814143524688,2.272897861193102e-08,1.458999401927665e-08,8.9227939281692e-10,57.79751354283662,58.030405149398504,115.82791869223513,0.02807378721402796,2.6459065895299144e-11,6.441163280446913e-16,-2.6215049239842924e-11,21.861858590404808,78.13814141220143,4.645138596618213e-08,1.9966964479853728e-08,1.5280366537192545e-09,57.79751354253476,58.030405150129916,115.82791869266467,0.028073787502932438,-2.1173604311444923e-13,2.6215493329052774e-11
18,unspanned,2.5,1.0,0,5.0,2.0,unspanned,style,10,10,reverting,2.630340389941921e-12,1.2353204904974602e-06,7.12243372246902e-11,0.1624964447581192,-1.2419008044162183e-09,optimal,520,2.426132211796883e-13,5.920183333102614,5,2.7983569694264943e-11,21.861858565725154,78.13814142617532,1.0604916079047357e-05,1.0600613548386217e-05,5.301167280325337e-07,58.6408311568115,58.72454690842415,117.36537806523566,0.06259583295162711,1.2236286948421292e-12,4.898198318280705e-16,1.606797127398944e-11,21.86185856121061,78.13251882711509,11.24522013884026,11.245220132482286,0.5622610067512738,58.49560616713153,59.03226834286226,117.52787450999378,0.03496293984514528,3.288059828885715e-11,5.086060153765282e-16,-2.466126222003128e-11,21.861858590123987,78.13814141232697,4.614408865963105e-08,1.9841423016374938e-08,1.5181244636838693e-09,58.6408311580534,58.724546508234845,117.36537766628825,0.06259587913867831,2.4760183527506967e-12,2.466170630924113e-11
19,unspanned,2.5,1.0,0,5.0,2.0,unspanned,style,20,10,reverting,2.630340389941921e-12,1.2353204904974602e-06,7.12243372246902e-11,0.2287591243162126,0.5880887462242157,optimal,520,7.360934778377626e-13,6.000899000093341,5,1.3015363662044824e-11,21.86185856213652,78.12279005344746,30.70276624074414,30.70276622114687,1.535138311449289,60.07223751976121,60.98495565510277,121.05719317486398,0.06708187877569738,4.1793629104378005e-12,4.469894506614613e-16,3.1872361114281336e-11,20.73661209040467,79.24066747676945,46.11600716360441,44.9907606864405,2.2720429638653035,59.94597940670618,61.339972892474016,121.2859522991802,0.03779589153371376,4.857883713349498e-11,5.876104724328313e-16,-2.043535695783296e-11,21.86185858930837,78.13814141272032,4.516599689953919e-08,1.9448082925821493e-08,1.4867624257654286e-09,59.484148773536994,59.62927620339521,119.11342497693221,0.8015782639450287,1.1608225855162455e-11,2.043580104704281e-11
20,unspanned,2.5,1.0,0,5.0,2.0,unspanned,style,40,10,reverting,2.630340389941921e-12,1.2353204904974602e-06,7.12243372246902e-11,0.07694836055929954,5.23871036926073,optimal,520,4.855352231381005e-13,6.11420137481764,5,1.905873419152937e-11,1.8365252523525954,98.12603840832372,86.88787482477099,66.862541509555,3.7436337417820704,66.40949437375784,67.35956267520514,133.76905704896296,0.052155834645581996,-8.945037812129082e-12,4.644722106927901e-16,1.5893613790514405e-11,4.3544948248300456e-08,99.95936630304006,94.38441876572749,72.52256024170384,4.063365182565666,66.35628648343307,67.4897189260892,133.84600540952226,0.0441924262899308,3.9450257269908404e-11,5.610746242612485e-16,-1.0031316288407285e-11,21.861858587159013,78.13814141383016,4.2404547708549757e-08,1.833824459881481e-08,1.3982382921354393e-09,61.17078400449711,63.82735175818506,124.99813576268217,2.9858711866767838,8.641291404220403e-12,1.0031760377617136e-11
21,unspanned,2.5,1.0,0,5.0,2.0,unspanned,style,-40,20,persistent,2.6311175460591585e-12,8.903301507157124e-08,7.118455621848642e-11,0.2021193504894967,6.294185403686825,optimal,520,5.938669694893761e-13,6.120341250207275,5,1.9062996352899736e-11,21.864747639379154,78.09242226312072,85.66019120526482,85.6601911758953,4.2830095593821556,60.722390339433986,65.35099670307766,126.07338704251164,0.07819825832836073,2.968459040777489e-12,4.67020085798131e-16,5.846927949399935e-11,21.824042575625064,78.12780219861904,96.33486284385219,96.29415780067734,4.815521990897364,60.570258857105465,65.70524753589568,126.27550639300114,0.0450541496723729,7.31488405275333e-11,4.941251401102686e-16,-2.0939968874559268e-11,21.864747633458492,78.13525236862505,3.3843302447424e-08,1.2311929634302884e-08,1.0462239379775667e-09,54.42820493574716,61.01010923355385,115.43831416930101,4.364865605379774,1.0052352288243693e-11,2.0940412963769118e-11
22,unspanned,2.5,1.0,0,5.0,2.0,unspanned,style,-20,20,persistent,2.6311175460591585e-12,8.903301507157124e-08,7.118455621848642e-11,0.5339860452451575,0.587317623429648,optimal,520,2.1736605571032186e-13,6.117326541803777,5,1.8363063646704633e-11,21.86474764727725,78.11992242615129,30.659849487875725,30.65984945862448,1.5329924735162488,56.7000436823225,58.52437767108022,115.22442135340272,0.182136712921482,3.294053723366941e-12,6.409532193191181e-16,3.0417740483519584e-11,23.823370421639538,76.14973424557915,54.965833168152834,53.00721035303888,2.6895329739542237,56.40194685075763,59.35646054789025,115.75840739864788,0.03619019801887565,3.9947165977123784e-11,5.161886543203487e-16,-2.617123090858065e-11,21.86474764161643,78.13525236098543,4.641867671457304e-08,1.9951546186040358e-08,1.5269199198726715e-09,56.112726058892854,57.00264987581848,113.11537593471132,1.5614828570114088,1.2779273597446003e-11,2.61716749977905e-11
23,unspanned,2.5,1.0,0,5.0,2.0,unspanned,style,-10,20,persistent,2.6311175460591585e-12,8.903301507157124e-08,7.118455621848642e-11,0.2841900301236677,1.0261658189847367e-10,optimal,520,1.7025963972017166e-13,6.243325124960393,5,3.524927760811153e-11,21.864747615116986,78.13525238124912,2.2016865204769362e-07,2.1648288990784363e-07,1.0897859738189181e-08,56.95498662084734,57.205436221234926,114.16042284208227,0.11711854861537033,1.8635650477199367e-12,5.254683421141383e-16,1.9201206881533546e-11,21.8647476123687,78.12758928630117,15.326198823908818,15.326198817445292,0.7663099410015352,56.717198516654044,57.727414355551886,114.44461287220594,0.038682450929381156,3.954307069503962e-11,5.658044562387166e-16,-2.620207626307392e-11,21.864747641623033,78.13525236098191,4.642866555630808e-08,1.9955069255466842e-08,1.5272253887901671e-09,56.95498662074473,57.205436210852454,114.16042283159717,0.11711852953196135,5.006356061047074e-12,2.620252035228377e-11
24,unspanned,2.5,1.0,0,5.0,2.0,unspanned,style,0,20,persistent,2.6311175460591585e-12,8.903301507157124e-08,7.118455621848642e-11,-1.5258905250448151e-09,5.562625915445096e-10,optimal,520,2.9813825019875395e-13,6.006946417037398,5,1.2027902370102484e-11,21.864747621216427,78.13525237757487,1.329131205820796e-08,1.0874802244489547e-08,5.920703084988456e-10,57.7972471831538,58.033342203204654,115.83058938635845,0.028073618525310755,-1.13716954748786e-13,4.759232913866363e-16,1.9682184167201214e-11,21.86474761427122,78.13525238375185,2.2182583601088673e-08,1.4240251056368894e-08,8.708592037128403e-10,57.797247182865284,58.03334220196727,115.83058938483256,0.028073618930490703,2.8436179795685457e-11,5.157471683366531e-16,-2.6211874904403534e-11,21.864747641625133,78.13525236098079,4.643183608584526e-08,1.9956190053359646e-08,1.5273224233176948e-09,57.79724718259754,58.033342202826546,115.83058938542408,0.028073619258917184,-2.0764186093984354e-13,2.6212318993613384e-11
25,unspanned,2.5,1.0,0,5.0,2.0,unspanned,style,10,20,persistent,2.6311175460591585e-12,8.903301507157124e-08,7.118455621848642e-11,0.2696298162667006,-1.2394636428325612e-09,optimal,520,2.8317279077150204e-13,6.026835958007723,5,2.797717470498237e-11,21.864747616954034,78.13525237495766,1.0583758357486283e-05,1.0579458463341585e-05,5.290589210499733e-07,58.639507743187124,58.90993608339567,117.5494438265828,0.10804483432714324,1.5251250241009318e-12,4.455155715735426e-16,1.5624186609753364e-11,21.86474761240671,78.12779836234056,14.908047384461709,14.9080473780685,0.7454023690312892,58.41198991888073,59.40708372396877,117.8190736428495,0.04157338559129931,3.321475795683808e-11,4.620734133861659e-16,-2.466306798544198e-11,21.86474764134524,78.1352523611059,4.61256691623759e-08,1.9831078751801833e-08,1.517445745801573e-09,58.63950774442659,58.90993559624985,117.54944334067645,0.10804492698232093,3.887697279446149e-12,2.466351207465183e-11
26,unspanned,2.5,1.0,0,5.0,2.0,unspanned,style,20,20,persistent,2.6311175460591585e-12,8.903301507157124e-08,7.118455621848642e-11,0.4910769644696984,0.5873983153635294,optimal,520,6.159951021489363e-13,6.003616416826844,5,1.3062376565597597e-11,21.86474761331609,78.11992009141026,30.66458794654629,30.664587927020687,1.5332293967415462,60.06916662158413,61.89994030118046,121.96910692276458,0.14807555479199563,6.783671131879894e-12,5.075421419947768e-16,2.0428475317607608e-11,19.427615445723465,80.54732009735413,51.59118906299695,49.154056889920504,2.506445487957554,59.84826409546256,62.611919791771726,122.46018388723428,0.04040097575660998,3.524821427981382e-11,5.165139149720943e-16,-2.044087977800838e-11,21.864747640530428,78.13525236149881,4.514878657008903e-08,1.943817145603645e-08,1.486120875082874e-09,59.4817683062206,60.38630343858986,119.86807174481046,1.5079728549294626,4.921858141318167e-12,2.044132386721823e-11
27,unspanned,2.5,1.0,0,5.0,2.0,unspanned,style,40,20,persistent,2.6311175460591585e-12,8.903301507157124e-08,7.118455621848642e-11,0.22263921657952324,5.23638228114487,optimal,520,1.0579384590592156e-13,5.852065791841596,5,1.8894859038932205e-11,1.8766924050616807,98.08588618430468,86.83565061655005,66.8475954028118,3.7421408744153553,66.40267171094634,70.50136005684587,136.90403176779222,0.10136636137543109,2.1581402512849666e-12,6.395166514405748e-16,-8.72798198731789e-13,2.090862926871288e-09,99.95745094487569,98.21695481146865,76.35220719475961,4.254905312072162,66.27643320982364,70.8502377745481,137.12667098437174,0.04927864569994208,9.80244557128706e-12,6.069905862660097e-16,-1.0044495873940992e-11,21.86474763838274,78.13525236260774,4.238983810517043e-08,1.8329239897691038e-08,1.39767395903414e-09,61.166289429801466,66.71826967681812,127.88455910661959,3.753978274986115,9.5016180795722e-12,1.0044939963150842e-11
28,unspanned,2.5,1.0,0,5.0,2.0,unspanned,style,-40,20,reverting,2.6311175460591585e-12,8.903301507157124e-08,7.118455621848642e-11,0.07291919518578993,6.294185403686825,optimal,520,1.1909310343449775e-12,9.631675249896944,17,1.9062996352899736e-11,21.864747639379154,78.09242226312072,85.66019120526482,85.6601911758953,4.2830095593821556,60.722390339433986,62.96788773486587,123.69027807429985,0.040519886500482785,2.4844095667092576e-12,4.67020085798131e-16,5.5710581980950025e-11,21.864747613122237,78.08933394828136,91.83686605424707,91.83686604828326,4.591843302533439,60.65721546068097,63.10598180880467,123.76319726948564,0.03464515482687603,8.310009538131657e-11,4.787836793695988e-16,-2.0939968874559268e-11,21.864747633458492,78.13525236862505,3.3843302447424e-08,1.2311929634302884e-08,1.0462239379775667e-09,54.42820493574716,58.78532164317289,113.21352657892005,3.7593376267052183,5.610803109016432e-12,2.0940412963769118e-11
29,unspanned,2.5,1.0,0,5.0,2.0,unspanned,style,-20,20,reverting,2.6311175460591585e-12,8.903301507157124e-08,7.118455621848642e-11,0.24382476969418576,0.587317623429648,optimal,520,4.5413846294639626e-13,5.9307956248521805,5,1.8363063646704633e-11,21.86474764727725,78.11992242615129,30.659849487875725,30.65984945862448,1.5329924735162488,56.7000436823225,58.285092931832224,114.98513661415473,0.05671647801448484,3.18817052962315e-12,4.692698053060385e-16,2.9090111748489647e-11,22.95336422021716,77.0236782041728,46.568315370810154,45.47969875627076,2.2957572701043256,56.56548374760668,58.66347763624224,115.22896138384891,0.028997836735383475,4.4667594093167427e-11,3.9603194855464263e-16,-2.617123090858065e-11,21.86474764161643,78.13525236098543,4.641867671457304e-08,1.9951546186040358e-08,1.5269199198726715e-09,56.112726058892854,56.91806496339352,113.03079102228637,0.834411989353918,-9.635044498357281e-13,2.61716749977905e-11
30,unspanned,2.5,1.0,0,5.0,2.0,unspanned,style,-10,20,reverting,2.6311175460591585e-12,8.903301507157124e-08,7.118455621848642e-11,0.1742306592820455,1.0261658189847367e-10,optimal,520,8.639269855059695e-14,5.9075747090391815,5,3.524927760811153e-11,21.864747615116986,78.13525238124912,2.2016865204769362e-07,2.1648288990784363e-07,1.0897859738189181e-08,56.95498662084734,57.36185884305124,114.31684546389857,0.0695591128273278,1.3901553984919005e-12,5.847546825110182e-16,1.2629237831570956e-11,21.86474761195216,78.12941651931949,11.671734934978598,11.671734928116576,0.5835867465430692,56.801104643298395,57.68997147988222,114.49107612318062,0.032719666840726185,4.7738865669528976e-11,4.509264598002993e-16,-2.620207626307392e-11,21.864747641623033,78.13525236098191,4.642866555630808e-08,1.9955069255466842e-08,1.5272253887901671e-09,56.95498662074473,57.36185883431954,114.31684545506427,0.06955911662937503,2.9218683137051393e-12,2.620252035228377e-11
31,unspanned,2.5,1.0,0,5.0,2.0,unspanned,style,0,20,reverting,2.6311175460591585e-12,8.903301507157124e-08,7.118455621848642e-11,-1.5258905250448151e-09,5.562625915445096e-10,optimal,520,2.9813825019875395e-13,5.975033583119512,5,1.2027902370102484e-11,21.864747621216427,78.13525237757487,1.329131205820796e-08,1.0874802244489547e-08,5.920703084988456e-10,57.7972471831538,58.033342203204654,115.83058938635845,0.028073618525310755,-1.13716954748786e-13,4.759232913866363e-16,1.9682184167201214e-11,21.86474761427122,78.13525238375185,2.2182583601088673e-08,1.4240251056368894e-08,8.708592037128403e-10,57.797247182865284,58.03334220196727,115.83058938483256,0.028073618930490703,2.8436179795685457e-11,5.157471683366531e-16,-2.6211874904403534e-11,21.864747641625133,78.13525236098079,4.643183608584526e-08,1.9956190053359646e-08,1.5273224233176948e-09,57.79724718259754,58.033342202826546,115.83058938542408,0.028073619258917184,-2.0764186093984354e-13,2.6212318993613384e-11
32,unspanned,2.5,1.0,0,5.0,2.0,unspanned,style,10,20,reverting,2.6311175460591585e-12,8.903301507157124e-08,7.118455621848642e-11,0.16233753534302764,-1.2394636428325612e-09,optimal,520,2.5929779157163324e-13,5.869040667079389,5,2.797717470498237e-11,21.864747616954034,78.13525237495766,1.0583758357486283e-05,1.0579458463341585e-05,5.290589210499733e-07,58.639507743187124,58.72673551784563,117.36624326103276,0.06500265721622213,1.2223937140287688e-12,6.647074530516139e-16,1.624012340215421e-11,21.86474761247573,78.12963355084699,11.237670110335856,11.237670104011666,0.5618835053270671,58.49434522953943,59.034235566836365,117.52858079637579,0.0349620403102576,3.1905048217359833e-11,4.4104666750352517e-16,-2.466306798544198e-11,21.86474764134524,78.1352523611059,4.61256691623759e-08,1.9831078751801833e-08,1.517445745801573e-09,58.63950774442659,58.72673511928189,117.36624286370848,0.06500272549668117,2.4749483739554615e-12,2.466351207465183e-11
33,unspanned,2.5,1.0,0,5.0,2.0,unspanned,style,20,20,reverting,2.6311175460591585e-12,8.903301507157124e-08,7.118455621848642e-11,0.22882871585841258,0.5873983153635294,optimal,520,5.824056514835974e-13,5.884712541010231,5,1.3062376565597597e-11,21.86474761331609,78.11992009141026,30.66458794654629,30.664587927020687,1.5332293967415462,60.06916662158413,60.98491261138197,121.0540792329661,0.06901064882492561,4.101394137506764e-12,3.8063627770534847e-16,1.012709696917441e-11,20.731328165173725,79.24596935900445,46.085001290411604,44.95158183678541,2.2702474809117943,59.942700169664704,61.34020777915982,121.28290794882452,0.037800506916845146,2.634840575701982e-11,3.574614562684708e-16,-2.044087977800838e-11,21.864747640530428,78.13525236149881,4.514878657008903e-08,1.943817145603645e-08,1.486120875082874e-09,59.4817683062206,59.63593867932345,119.11770698554406,0.8029413404570067,1.147490671818234e-11,2.044132386721823e-11
34,unspanned,2.5,1.0,0,5.0,2.0,unspanned,style,40,20,reverting,2.6311175460591585e-12,8.903301507157124e-08,7.118455621848642e-11,0.07727606450487201,5.23638228114487,optimal,520,4.950918147672567e-13,5.912978583946824,5,1.8894859038932205e-11,1.8766924050616807,98.08588618430468,86.83565061655005,66.8475954028118,3.7421408744153553,66.40267171094634,67.35914379242803,133.76181550337435,0.05429745162820313,-8.995487568805999e-12,4.7070637318458175e-16,1.610644424906646e-11,4.538480534594819e-08,99.95936376562054,94.39122331208722,72.52647573867209,4.063618738401907,66.34930084650374,67.48979072137547,133.83909156787922,0.04420392376745956,3.927401360669016e-11,4.493475903866173e-16,-1.0044495873940992e-11,21.86474763838274,78.13525236260774,4.238983810517043e-08,1.8329239897691038e-08,1.39767395903414e-09,61.166289429801466,63.827430323255264,124.99371975305672,2.9855552243059145,8.590670384257815e-12,1.0044939963150842e-11
35,unspanned,2.5,1.0,0,5.0,2.0,unspanned,style,-40,40,persistent,2.62456723021387e-12,1.8458173338398165e-06,7.102370475741736e-11,0.19629843970365357,6.270691536068263,optimal,520,3.4196083464888005e-13,5.8582556657493114,5,1.8952456683034302e-11,21.876231782788988,78.08099074968615,85.55493127833812,85.55493124646543,4.277746562960725,60.71464506710609,65.36221232345683,126.07685739056292,0.10844367781899267,3.0878985768741887e-12,6.046595515951658e-16,3.840679396694899e-11,21.876231752005797,78.07573779056011,96.06090719132612,96.06090718372802,4.803045359338363,60.56401674022245,65.70913909004413,126.27315583026657,0.06097409982861919,6.044990233340175e-11,4.833915386026622e-16,-2.096999760316004e-11,21.876231774236015,78.12376822785053,3.376738975871948e-08,1.2283101425711458e-08,1.0438408379457333e-09,54.44395353103783,61.05064874944844,115.49460228048628,4.326227999089931,1.0308778841412042e-11,2.097044169236989e-11
36,unspanned,2.5,1.0,0,5.0,2.0,unspanned,style,-20,40,persistent,2.62456723021387e-12,1.8458173338398165e-06,7.102370475741736e-11,0.4937035960356013,0.5845733798534241,optimal,520,3.414941940338423e-13,6.00156266707927,5,1.827785961320584e-11,21.876231787546416,78.1085141585029,30.50810426302592,30.50810423429713,1.5254052122894322,56.70464433854095,58.595041767770894,115.29968610631184,0.2652218966290921,3.2572585443755783e-12,4.081750128864803e-16,2.7185380628482608e-11,23.767096473376345,76.20645894253538,54.023681575070725,52.13281684904912,2.644458136972888,56.4235807239746,59.36980897837283,115.79338970234744,0.09412292325385233,4.6835076473268535e-11,4.596475110252296e-16,-2.6157105538553104e-11,21.87623178237495,78.12376822022551,4.633912267193085e-08,1.9908131095756794e-08,1.5240263863113206e-09,56.12007095868753,57.129909309212856,113.24998026790038,1.5905146486036024,7.408871816063986e-12,2.6157549627762954e-11
37,unspanned,2.5,1.0,0,5.0,2.0,unspanned,style,-10,40,persistent,2.62456723021387e-12,1.8458173338398165e-06,7.102370475741736e-11,0.25560786258586177,1.0125233984581428e-10,optimal,520,2.8560140363786957e-13,5.990954542066902,5,3.52024990674311e-11,21.876231755928526,78.12376824044269,2.1922845155181261e-07,2.1555025538631756e-07,1.0851076692625778e-08,56.95812967289285,57.271339118096336,114.22946879098919,0.20131684264486172,1.402356637932034e-12,4.525973833655425e-16,2.5199212183059372e-11,21.87623175368703,78.11646174643498,14.612994719689368,14.612994713721184,0.7306497358054229,56.737308823460125,57.74776783011493,114.48507665357505,0.10231400930299434,4.405900048010808e-11,4.801931421938299e-16,-2.6188244814049207e-11,21.876231782381574,78.123768220222,4.6349093882134595e-08,1.991163897599864e-08,1.5243310469226511e-09,56.9581296727916,57.2713391082931,114.2294687810847,0.2013168430739238,4.712685265900046e-12,2.6188688903259057e-11
38,unspanned,2.5,1.0,0,5.0,2.0,unspanned,style,0,40,persistent,2.62456723021387e-12,1.8458173338398165e-06,7.102370475741736e-11,-7.131575330276974e-10,5.546496595343342e-10,optimal,520,2.7816117464940504e-13,5.845131125301123,5,1.2000673366333885e-11,21.876231762014477,78.12376823677954,1.3261222899974712e-08,1.0850644389214835e-08,5.907437896759393e-10,57.796188387451295,58.050895275456995,115.84708366290829,0.06341627462551414,-1.0822967268590574e-13,3.934406542074206e-16,9.791376489805983e-12,21.876231754803563,78.12376824420933,2.0817949661314533e-08,1.2677077278995234e-08,7.966713115961477e-10,57.79618838748238,58.05089527471275,115.84708366219513,0.06341627423163666,1.616101791100796e-11,5.416802416529765e-16,-2.6198796631368486e-11,21.876231782383815,78.12376822022082,4.635247796469317e-08,1.9912826147356418e-08,1.5244343437145556e-09,57.796188386896645,58.05089527511123,115.84708366200788,0.06341627555091825,-1.9019943214388244e-13,2.6199240720578336e-11
39,unspanned,2.5,1.0,0,5.0,2.0,unspanned,style,10,40,persistent,2.62456723021387e-12,1.8458173338398165e-06,7.102370475741736e-11,0.24315916468992782,-1.2298073670535814e-09,optimal,520,4.705315997943771e-13,5.919342249631882,5,2.7946591838648704e-11,21.876231757748453,78.12376823420846,1.049939657342568e-05,1.0495107699001713e-05,5.248411624385649e-07,58.6342470997484,58.966286467862794,117.6005335676112,0.18909833433242323,1.3030186399808595e-12,6.082710305118513e-16,2.2529200374840283e-11,21.87623175343924,78.11664961758763,14.237253444116085,14.23725343795143,0.7118626720208646,58.4224058878927,59.42128684440842,117.84369273230112,0.10269558453861957,3.525457746236414e-11,5.547591466065205e-16,-2.466981724046453e-11,21.876231782107666,78.12376822034418,4.6050926520002416e-08,1.9789478799693407e-08,1.5147028943908509e-09,58.63424710097821,58.966286009654766,117.60053311063297,0.18909845826458604,2.9929450234898562e-12,2.467026132967438e-11
40,unspanned,2.5,1.0,0,5.0,2.0,unspanned,style,20,40,persistent,2.62456723021387e-12,1.8458173338398165e-06,7.102370475741736e-11,0.4608581800064826,0.5846532662923636,optimal,520,4.892284494184551e-13,5.872354541905224,5,1.3267111693103517e-11,21.876231753918283,78.1085118463592,30.512796803123155,30.51279678390113,1.5256398395794972,60.056959081316904,61.93491848563597,121.99187756695287,0.20086311745832264,6.3564239456822755e-12,4.97540376953598e-16,5.4524791040684584e-11,19.46826358818666,80.50685880327406,51.19998707640292,48.79201890498568,2.4877603086776285,59.841252689002715,62.611483057956626,122.45273574695935,0.06855203816138268,6.732474294176378e-11,4.821447061043038e-16,-2.0462102479189717e-11,21.876231781296006,78.12376822073536,4.5078823481597704e-08,1.939827997615081e-08,1.4835248689164784e-09,59.47230581502454,60.477410059712625,119.94971587473717,1.5099537428189953,4.082079590799967e-12,2.0462546568399568e-11
41,unspanned,2.5,1.0,0,5.0,2.0,unspanned,style,40,40,persistent,2.62456723021387e-12,1.8458173338398165e-06,7.102370475741736e-11,0.22432813351076675,5.227042914896835,optimal,520,5.336061453808938e-13,5.852014082949609,5,1.8370235454340245e-11,2.0369646466214615,97.92567370878979,86.62684577123748,66.78757865825504,3.7361642751724014,66.37546615800696,70.49819666100994,136.8736628190169,0.1123693078308039,1.2180415649887821e-12,4.852888924045118e-16,2.8769932833641598e-11,1.1854583916745458e-08,99.95744145775146,98.2427940825277,76.36656233477838,4.255852751693905,66.24822263153595,70.84976832099169,137.09799095252765,0.04927923511645991,4.525625298232479e-11,6.086710996333622e-16,-1.0097578676123715e-11,21.876231779155216,78.12376822184058,4.2330139909990653e-08,1.829305875146174e-08,1.395394560743665e-09,61.14842324311012,66.73770038134889,127.886123624459,3.728686220302574,9.691758680319129e-12,1.0098022765333565e-11
42,unspanned,2.5,1.0,0,5.0,2.0,unspanned,style,-40,40,reverting,2.62456723021387e-12,1.8458173338398165e-06,7.102370475741736e-11,0.07117041207175134,6.270691536068263,optimal,520,2.7791484391581633e-13,5.980414375197142,5,1.8952456683034302e-11,21.876231782788988,78.08099074968615,85.55493127833812,85.55493124646543,4.277746562960725,60.71464506710609,62.972772634914186,123.68741770202027,0.043808470293242134,2.5638998052900845e-12,6.046595515951658e-16,3.203051414596772e-11,21.876231753181994,78.07793598642564,91.66451438248235,91.66451437598353,4.583225718929153,60.64944994792353,63.1091381661685,123.75858811409202,0.03589211352240503,4.501121294398858e-11,5.79885531953872e-16,-2.096999760316004e-11,21.876231774236015,78.12376822785053,3.376738975871948e-08,1.2283101425711458e-08,1.0438408379457333e-09,54.44395353103783,58.874205480036,113.31815901107382,3.6772070792391838,4.941480709862167e-12,2.0970663736974817e-11
43,unspanned,2.5,1.0,0,5.0,2.0,unspanned,style,-20,40,reverting,2.62456723021387e-12,1.8458173338398165e-06,7.102370475741736e-11,0.22358072107303428,0.5845733798534241,optimal,520,4.807456516209285e-13,5.9343498749658465,5,1.827785961320584e-11,21.876231787546416,78.1085141585029,30.50810426302592,30.50810423429713,1.5254052122894322,56.70464433854095,58.3287368528744,115.03338119141534,0.13111886922175683,3.2364953612648052e-12,4.8000340681364495e-16,2.648682854533395e-11,22.906652422716423,77.07072786203484,45.85767760589583,44.82725692954032,2.261971260004126,56.57814728220242,58.67881463028596,115.25696191248838,0.07921829390268176,4.222054489740534e-11,4.598914565140388e-16,-2.6157105538553104e-11,21.87623178237495,78.12376822022551,4.633912267193085e-08,1.9908131095756794e-08,1.5240263863113206e-09,56.12007095868753,57.02680635627611,113.14687731496363,0.9013781108900215,1.4297840973784455e-11,2.6157549627762954e-11
44,unspanned,2.5,1.0,0,5.0,2.0,unspanned,style,-10,40,reverting,2.62456723021387e-12,1.8458173338398165e-06,7.102370475741736e-11,0.15485057464597674,1.0125233984581428e-10,optimal,520,1.513563580024524e-13,5.896418707910925,5,3.52024990674311e-11,21.876231755928526,78.12376824044269,2.1922845155181261e-07,2.1555025538631756e-07,1.0851076692625778e-08,56.95812967289285,57.41314144251497,114.37127111540782,0.14264230302124536,1.3699630150579877e-12,4.525973833655425e-16,1.6589970804720914e-11,21.87623175303598,78.1182391559955,11.058178622963375,11.058178616377837,0.5529089309506026,56.81645035943208,57.70967133062172,114.5261216900538,0.0881196425056847,4.186749317597544e-11,5.359414626503189e-16,-2.6188244814049207e-11,21.876231782381574,78.123768220222,4.6349093882134595e-08,1.991163897599864e-08,1.5243310469226511e-09,56.9581296727916,57.41314143431346,114.37127110710506,0.14264229473741066,2.9174573591391265e-12,2.6188688903259057e-11
45,unspanned,2.5,1.0,0,5.0,2.0,unspanned,style,0,40,reverting,2.62456723021387e-12,1.8458173338398165e-06,7.102370475741736e-11,-7.131575330276974e-10,5.546496595343342e-10,optimal,520,2.7816117464940504e-13,5.881227875128388,5,1.2000673366333885e-11,21.876231762014477,78.12376823677954,1.3261222899974712e-08,1.0850644389214835e-08,5.907437896759393e-10,57.796188387451295,58.050895275456995,115.84708366290829,0.06341627462551414,-1.0822967268590574e-13,3.934406542074206e-16,9.791376489805983e-12,21.876231754803563,78.12376824420933,2.0817949661314533e-08,1.2677077278995234e-08,7.966713115961477e-10,57.79618838748238,58.05089527471275,115.84708366219513,0.06341627423163666,1.616101791100796e-11,5.416802416529765e-16,-2.6198796631368486e-11,21.876231782383815,78.12376822022082,4.635247796469317e-08,1.9912826147356418e-08,1.5244343437145556e-09,57.796188386896645,58.05089527511123,115.84708366200788,0.06341627555091825,-1.9019943214388244e-13,2.6199240720578336e-11
46,unspanned,2.5,1.0,0,5.0,2.0,unspanned,style,10,40,reverting,2.62456723021387e-12,1.8458173338398165e-06,7.102370475741736e-11,0.14459803763438117,-1.2298073670535814e-09,optimal,520,3.390343561449072e-13,5.88631625007838,5,2.7946591838648704e-11,21.876231757748453,78.12376823420846,1.049939657342568e-05,1.0495107699001713e-05,5.248411624385649e-07,58.6342470997484,58.77050684615692,117.40475394590533,0.13761141226854118,1.2177622462933996e-12,5.019519941133052e-16,4.257226205405234e-11,21.876231753472943,78.11843405573504,10.668373073245654,10.668373067114704,0.5334186534783542,58.50016399605237,59.04918798748734,117.54935198353971,0.08960919585819906,6.167617772837725e-11,5.720928288391325e-16,-2.466981724046453e-11,21.876231782107666,78.12376822034418,4.6050926520002416e-08,1.9789478799693407e-08,1.5147028943908509e-09,58.63424710097821,58.77050647341444,117.40475357439266,0.1376114759093497,2.470620211777845e-12,2.467026132967438e-11
47,unspanned,2.5,1.0,0,5.0,2.0,unspanned,style,20,40,reverting,2.62456723021387e-12,1.8458173338398165e-06,7.102370475741736e-11,0.2115094872380041,0.5846532662923636,optimal,520,6.092140680813429e-13,5.926810834091157,5,1.3267111693103517e-11,21.876231753918283,78.1085118463592,30.512796803123155,30.51279678390113,1.5256398395794972,60.056959081316904,61.00881781474849,121.06577689606539,0.11606005894313713,3.872251647205494e-12,4.97540376953598e-16,1.3914187998401856e-12,20.698216412669694,79.27935633227486,45.56131904075774,44.38330369382353,2.2427254916298605,59.93602147582682,61.34126490747658,121.27728638330339,0.06254767035949702,1.2950976784596203e-11,5.313945897894579e-16,-2.0462102479189717e-11,21.876231781296006,78.12376822073536,4.5078823481597704e-08,1.939827997615081e-08,1.4835248689164784e-09,59.47230581502454,59.72283003110408,119.19513584612862,0.8490525572520414,1.097777112810984e-11,2.0462546568399568e-11
48,unspanned,2.5,1.0,0,5.0,2.0,unspanned,style,40,40,reverting,2.62456723021387e-12,1.8458173338398165e-06,7.102370475741736e-11,0.07618041136510101,5.227042914896835,optimal,520,9.081277396738585e-14,6.002587915863842,5,1.8370235454340245e-11,2.0369646466214615,97.92567370878979,86.62684577123748,66.78757865825504,3.7361642751724014,66.37546615800696,67.36009470663232,133.7355608646393,0.058004644634029524,-8.884114079707288e-12,4.852888924045118e-16,6.25643525702102e-12,1.1504413075892398e-08,99.95935392720858,94.41786037157685,72.54162862347738,4.064606066135858,66.32140601526069,67.49033526074369,133.8117412760044,0.04427641783131235,1.8381183429722406e-11,5.596651614370174e-16,-1.0097578676123715e-11,21.876231779155216,78.12376822184058,4.2330139909990653e-08,1.829305875146174e-08,1.395394560743665e-09,61.14842324311012,63.873669786679855,125.02209302978997,2.9446973626200075,8.990401088523892e-12,1.0098022765333565e-11
